Explicit URL,Type,Published,Is featured?,Visibility in catalog,Tax status,In stock?,Backorders allowed?,Sold individually?,Allow customer reviews?,Parent,Categories,Name,Regular price,Description,Images,SKU,Lifestage,Attribute 1 name,Attribute 1 value(s),Attribute 1 visible,Attribute 1 global,Attribute 2 name,Attribute 2 value(s),Attribute 2 visible,Attribute 2 global,Attribute 3 name,Attribute 3 value(s),Attribute 3 visible,Attribute 3 global,Attribute 4 name,Attribute 4 value(s),Attribute 4 visible,Attribute 4 global,Attribute 5 name,Attribute 5 value(s),Attribute 5 visible,Attribute 5 global,Attribute 6 name,Attribute 6 value(s),Attribute 6 visible,Attribute 6 global,Attribute 7 name,Attribute 7 value(s),Attribute 7 visible,Attribute 7 global,Attribute 8 name,Attribute 8 value(s),Attribute 8 visible,Attribute 8 global,Attribute 9 name,Attribute 9 value(s),Attribute 9 visible,Attribute 9 global,Attribute 10 name,Attribute 10 value(s),Attribute 10 visible,Attribute 10 global
https://www.petco.com/shop/en/petcostore/product/blue-buffalo-wilderness-chicken-adult-dry-dog-food,variable,1,0,visible,none,1,0,1,1,,Home > Dog > Dog Food > Dog Food Flavors > Chicken & Rice Dog Food,Blue Buffalo Wilderness Natural Adult High Protein Grain Free Chicken Dry Dog Food,,"BLUE Wilderness Adult Dry Dog Food is made with more of the meat they love to satisfy the spirit of the wolf in every dog. This Grain Free recipe features a precise balance of carbohydrates and calories to support your dog's daily dietary needs. BLUE Wilderness dog food is a product of the Blue Buffalo company. Based in the United States, Blue Buffalo makes premium-quality pet foods featuring real meat, fruit and vegetables. PACKED WITH REAL CHICKEN: A recipe made to satisfy your dog's natural love for meat, this high protein dog food features real chicken to help build and maintain lean muscle mass GRAIN FREE DOG FOOD: BLUE Wilderness grain free adult dog food is made with healthy carbohydrates including sweet potatoes and peas to help fuel your adult dog's active lifestyle. Plus, it contains omega 3 & 6 fatty acids to support skin and coat health WITH LIFESOURCE BITS: This formula contains BLUE's exclusive LifeSource Bits - a precise blend of antioxidants, vitamins and minerals carefully selected by holistic veterinarians and animal nutritionists to support immune system health, life stage requirements, and a healthy oxidative balance NATURAL DOG FOOD: BLUE dry dog food is formulated for the health and well-being of your dog and features the finest natural ingredients enhanced with vitamins and minerals. It never contains chicken (or poultry) by-product meals, corn, wheat, soy, artificial flavors or preservatives Contains one (1) 24-lb bag of BLUE Wilderness High Protein Grain Free, Natural Adult Dry Dog Food, Chicken","https://assets.petco.com/petco/image/upload/t_ProductDetail-large/1336690-center-1.jpg,https://assets.petco.com/petco/image/upload/t_ProductDetail-large/1336690-back-1.jpg,https://assets.petco.com/petco/image/upload/t_ProductDetail-large/1336690-Center-2.jpg,https://assets.petco.com/petco/image/upload/t_ProductDetail-large/1336690-Center-5.jpg,https://assets.petco.com/petco/image/upload/t_ProductDetail-large/1336690-Center-3.jpg,https://assets.petco.com/petco/image/upload/t_ProductDetail-large/1336690-Center-4.jpg",1336673,Adult,Grain Free,Yes,1,1,Line,Blue Wilderness,1,1,Form,Dry,1,1,Primary Flavor,Chicken,1,1,Live Food,No,1,1,Breed Size,Most Sizes,1,1,,,,,,,,,,,,,Weight,"4.5 LBS, 11 LBS, 24 LBS",1,1
https://www.petco.com/shop/en/petcostore/product/blue-buffalo-wilderness-chicken-adult-dry-dog-food,variation,1,0,visible,none,1,0,1,0,1336673,,"Blue Buffalo Wilderness Natural Adult High Protein Grain Free Chicken Dry Dog Food, 4.5 LBS",$16.14,,,,,,,,,,,,,,,,,,,,,,,,,,,,,,,,,,,,,,,,,Weight,4.5 LBS,1,1
https://www.petco.com/shop/en/petcostore/product/blue-buffalo-wilderness-chicken-adult-dry-dog-food,variation,1,0,visible,none,1,0,1,0,1336673,,"Blue Buffalo Wilderness Natural Adult High Protein Grain Free Chicken Dry Dog Food, 11 LBS",$31.98,,,,,,,,,,,,,,,,,,,,,,,,,,,,,,,,,,,,,,,,,Weight,11 LBS,1,1
https://www.petco.com/shop/en/petcostore/product/blue-buffalo-wilderness-chicken-adult-dry-dog-food,variation,1,0,visible,none,1,0,1,0,1336673,,"Blue Buffalo Wilderness Natural Adult High Protein Grain Free Chicken Dry Dog Food, 24 LBS",$52.99,,,,,,,,,,,,,,,,,,,,,,,,,,,,,,,,,,,,,,,,,Weight,24 LBS,1,1
https://www.petco.com/shop/en/petcostore/product/canidae-beef-and-oatmeal-dry-dog-food,variable,1,0,visible,none,1,0,1,1,,Home > Dog > Dog Food > Dog Food Flavors > Dog Food With Beef,CANIDAE Beef & Oatmeal Dry Dog Food,,"At Canidae we believe that what's best for our pets is best for us all. Enjoy your pet's mealtime with Canidae vet-formulated dry dog food. Canidae aims to bring out the best in your pet with food made from wholesome ingredients, formulated for whole body health. No fillers, artificial flavors or artificial preservatives, just complete & balanced goodness for healthy dogs. Healthy digestive system supported by probiotics Wholesome grains like barley, oatmeal and brown rice Complete & balanced nutrition for healthy dogs #1 real ingredient beef with oatmeal pet food Never any wheat, corn, or soy in Canidae dog food Omega 6 & 3 fatty acids to boost beautiful skin & coat Healthy immune system supported by antioxidant","https://assets.petco.com/petco/image/upload/t_ProductDetail-large/3162435-center-1.jpg,https://assets.petco.com/petco/image/upload/t_ProductDetail-large/3162435-back-2.jpg,https://assets.petco.com/petco/image/upload/t_ProductDetail-large/3162435-right-3.jpg,https://assets.petco.com/petco/image/upload/t_ProductDetail-large/3162435-left-4.jpg,https://assets.petco.com/petco/image/upload/t_ProductDetail-large/3162435-center-2.jpg",3162435,Adult,Grain Free,No,1,1,,,,,Form,Dry,1,1,Primary Flavor,Beef,1,1,Live Food,No,1,1,Breed Size,Most Sizes,1,1,,,,,,,,,,,,,Weight,"7 LBS, 25 LBS",1,1
https://www.petco.com/shop/en/petcostore/product/canidae-beef-and-oatmeal-dry-dog-food,variation,1,0,visible,none,1,0,1,0,3162435,,"CANIDAE Beef & Oatmeal Dry Dog Food, 7 LBS",$14.99,,,,,,,,,,,,,,,,,,,,,,,,,,,,,Length,4 IN,1,1,Height,15.5 IN,1,1,Width,8 IN,1,1,Weight,7 LBS,1,1
https://www.petco.com/shop/en/petcostore/product/canidae-beef-and-oatmeal-dry-dog-food,variation,1,0,visible,none,1,0,1,0,3162435,,"CANIDAE Beef & Oatmeal Dry Dog Food, 25 LBS",$44.99,,,,,,,,,,,,,,,,,,,,,,,,,,,,,Length,22.5 IN,1,1,Height,3.63 IN,1,1,Width,15.25 IN,1,1,Weight,25 LBS,1,1
https://www.petco.com/shop/en/petcostore/product/natural-balance-lid-limited-ingredient-diets-chicken-and-sweet-potato-formula-small-breed-bites-dry-dog-food,variable,1,0,visible,none,1,0,1,1,,Home > Dog > Dog Food > Dry Dog Food,Natural Balance L.I.D. Limited Ingredient Diets Chicken & Sweet Potato Formula Small Breed Bites Dry Dog Food,,"Why Feed a Limited Ingredient Diet? Sometimes what's NOT in your dog's food is just as important as what is. At Natural Balance we realize feeding your dog a simpler premium dry dog food diet with fewer ingredients gives you control of exactly which ingredients your dog eats. When you want to keep it simple, Natural Balance L.I.D. Limited Ingredient Diets provides a dog food option to help you feed your dog's greatness. Our Small Breed Bites small breed dog food kibble is designed for smaller jaws and formulated to meet the unique nutritional needs of your dog. Every bite is packed with flavor and rich in nutrients, and the crunchy texture of this premium dry dog food helps promote clean teeth and healthy gums. Our chicken and sweet potato formula has everything you want to feed your dog and nothing you don't, with no added peas, pea protein, lentils, legumes, corn, wheat, or soy. With over 125 years of combined pet food experience across Board-Certified Clinical Veterinarians, Animal Nutritionists, Research Scientists, Design Engineers, and Pet Feeding Analysts working to design our proprietary formulas, we've got you - and your dog - covered in delivering nutrition, quality, and taste in dry dog food formulas you can feel good about U.S. farm-raised chicken is the #1 ingredient Supported by Natural Balance's 'Buy With Confidence ' guarantee, ensuring quality, safety, and nutrition in every bite 100% satisfaction guaranteed with your Natural Balance L.I.D. small breed dog food purchase, learn more at naturalbalanceinc.com Produced in the USA with the world's finest ingredients","https://assets.petco.com/petco/image/upload/t_ProductDetail-large/3169047-center-1.jpg,https://assets.petco.com/petco/image/upload/t_ProductDetail-large/3169047-center-3.jpg,https://assets.petco.com/petco/image/upload/t_ProductDetail-large/3169047-center-4.jpg,https://assets.petco.com/petco/image/upload/t_ProductDetail-large/3169047-center-2.jpg,https://assets.petco.com/petco/image/upload/t_ProductDetail-large/3169047-center-8.jpg,https://assets.petco.com/petco/image/upload/t_ProductDetail-large/3169047-center-10.jpg,https://assets.petco.com/petco/image/upload/t_ProductDetail-large/3169047-center-5.jpg,https://assets.petco.com/petco/image/upload/t_ProductDetail-large/3169047-center-6.jpg,https://assets.petco.com/petco/image/upload/t_ProductDetail-large/3169047-center-7.jpg,https://assets.petco.com/petco/image/upload/t_ProductDetail-large/3169047-center-9.jpg",3169055,Adult,Grain Free,No,1,1,,,,,Form,Dry,1,1,Primary Flavor,Chicken,1,1,Live Food,No,1,1,Breed Size,Small Breed,1,1,,,,,,,,,,,,,Weight,"4 LBS, 12 LBS",1,1
https://www.petco.com/shop/en/petcostore/product/natural-balance-lid-limited-ingredient-diets-chicken-and-sweet-potato-formula-small-breed-bites-dry-dog-food,variation,1,0,visible,none,1,0,1,0,3169055,,"Natural Balance L.I.D. Limited Ingredient Diets Chicken & Sweet Potato Formula Small Breed Bites Dry Dog Food, 4 LBS",$19.99,,,,,,,,,,,,,,,,,,,,,,,,,,,,,,,,,,,,,,,,,Weight,4 LBS,1,1
https://www.petco.com/shop/en/petcostore/product/natural-balance-lid-limited-ingredient-diets-chicken-and-sweet-potato-formula-small-breed-bites-dry-dog-food,variation,1,0,visible,none,1,0,1,0,3169055,,"Natural Balance L.I.D. Limited Ingredient Diets Chicken & Sweet Potato Formula Small Breed Bites Dry Dog Food, 12 LBS",$41.99,,,,,,,,,,,,,,,,,,,,,,,,,,,,,,,,,,,,,,,,,Weight,12 LBS,1,1
https://www.petco.com/shop/en/petcostore/product/natural-balance-lid-limited-ingredient-diets-duck-and-potato-formula-dry-dog-food,variable,1,0,visible,none,1,0,1,1,,Home > Dog > Dog Food > Dry Dog Food,Natural Balance L.I.D. Limited Ingredient Diets Duck & Potato Formula Dry Dog Food,,"Why Feed a Limited Ingredient Diet? Sometimes what's NOT in your dog's food is just as important as what is. At Natural Balance we realize feeding your dog a simpler premium dry dog food diet with fewer ingredients gives you control of exactly which ingredients your dog eats. When you want to keep it simple, Natural Balance L.I.D. Limited Ingredient Diets provides a dog food option to help you feed your dog's greatness. Our dry dog food duck and potato formula is made with farm-raised duck as the first ingredient and features limited, easily digestible, carbohydrate sources. This duck and potato formula has everything you want to feed your dog and nothing you don't, with no added peas, pea protein, lentils, legumes, corn, wheat, or soy. Farm-raised duck is the #1 ingredient Supported by Natural Balance's 'Buy With Confidence ' guarantee, ensuring quality, safety, and nutrition in every bite 100% satisfaction guaranteed with your Natural Balance L.I.D. small breed dog food purchase, learn more at naturalbalanceinc.com Produced in the USA with the world's finest ingredients With over 125 years of combined pet food experience across Board-Certified Clinical Veterinarians, Animal Nutritionists, Research Scientists, Design Engineers, and Pet Feeding Analysts working to design our proprietary formulas, we've got you - and your dog - covered in delivering nutrition, quality, and taste in dry dog food formulas you can feel good about","https://assets.petco.com/petco/image/upload/t_ProductDetail-large/3168984-center-1.jpg,https://assets.petco.com/petco/image/upload/t_ProductDetail-large/3168984-center-3.jpg,https://assets.petco.com/petco/image/upload/t_ProductDetail-large/3168984-center-4.jpg,https://assets.petco.com/petco/image/upload/t_ProductDetail-large/3168984-center-2.jpg,https://assets.petco.com/petco/image/upload/t_ProductDetail-large/3168984-center-8.jpg,https://assets.petco.com/petco/image/upload/t_ProductDetail-large/3168984-center-10.jpg,https://assets.petco.com/petco/image/upload/t_ProductDetail-large/3168984-center-5.jpg,https://assets.petco.com/petco/image/upload/t_ProductDetail-large/3168984-center-6.jpg,https://assets.petco.com/petco/image/upload/t_ProductDetail-large/3168984-center-7.jpg,https://assets.petco.com/petco/image/upload/t_ProductDetail-large/3168984-center-9.jpg",3169004,Adult,Grain Free,No,1,1,,,,,Form,Dry,1,1,Primary Flavor,Duck,1,1,Live Food,No,1,1,Breed Size,Most Sizes,1,1,,,,,,,,,,,,,Weight,"4 LBS, 12 LBS, 24 LBS",1,1
https://www.petco.com/shop/en/petcostore/product/natural-balance-lid-limited-ingredient-diets-duck-and-potato-formula-dry-dog-food,variation,1,0,visible,none,1,0,1,0,3169004,,"Natural Balance L.I.D. Limited Ingredient Diets Duck & Potato Formula Dry Dog Food, 4 LBS",$19.99,,,,,,,,,,,,,,,,,,,,,,,,,,,,,,,,,,,,,,,,,Weight,4 LBS,1,1
https://www.petco.com/shop/en/petcostore/product/natural-balance-lid-limited-ingredient-diets-duck-and-potato-formula-dry-dog-food,variation,1,0,visible,none,1,0,1,0,3169004,,"Natural Balance L.I.D. Limited Ingredient Diets Duck & Potato Formula Dry Dog Food, 12 LBS",$41.99,,,,,,,,,,,,,,,,,,,,,,,,,,,,,,,,,,,,,,,,,Weight,12 LBS,1,1
https://www.petco.com/shop/en/petcostore/product/natural-balance-lid-limited-ingredient-diets-duck-and-potato-formula-dry-dog-food,variation,1,0,visible,none,1,0,1,0,3169004,,"Natural Balance L.I.D. Limited Ingredient Diets Duck & Potato Formula Dry Dog Food, 24 LBS",$62.99,,,,,,,,,,,,,,,,,,,,,,,,,,,,,,,,,,,,,,,,,Weight,24 LBS,1,1
https://www.petco.com/shop/en/petcostore/product/natural-balance-lid-limited-ingredient-diets-duck-and-potato-formula-small-breed-bites-dry-dog-food,variable,1,0,visible,none,1,0,1,1,,Home > Dog > Dog Food > Dry Dog Food,Natural Balance L.I.D. Limited Ingredient Diets Duck & Potato Formula Small Breed Bites Dry Dog Food,,"Why Feed a Limited Ingredient Diet? Sometimes what's NOT in your dog's food is just as important as what is. At Natural Balance we realize feeding your dog a simpler premium dry dog food diet with fewer ingredients gives you control of exactly which ingredients your dog eats. When you want to keep it simple, Natural Balance L.I.D. Limited Ingredient Diets provides a dog food option to help you feed your dog's greatness. Our Small Breed Bites small breed dog food kibble is designed for smaller jaws and formulated to meet the unique nutritional needs of your dog. Every bite is packed with flavor and rich in nutrients, and the crunchy texture of this premium dry dog food helps promote clean teeth and healthy gums. Our duck and potato formula has everything you want to feed your dog and nothing you don't, with no added peas, pea protein, lentils, legumes, corn, wheat, or soy. Farm-raised duck is the #1 ingredient Supported by Natural Balance's 'Buy With Confidence ' guarantee, ensuring quality, safety, and nutrition in every bite 100% satisfaction guaranteed with your Natural Balance L.I.D. small breed dog food purchase, learn more at naturalbalanceinc.com Produced in the USA with the world's finest ingredients With over 125 years of combined pet food experience across Board-Certified Clinical Veterinarians, Animal Nutritionists, Research Scientists, Design Engineers, and Pet Feeding Analysts working to design our proprietary formulas, we've got you - and your dog - covered in delivering nutrition, quality, and taste in dry dog food formulas you can feel good about","https://assets.petco.com/petco/image/upload/t_ProductDetail-large/3168925-center-1.jpg,https://assets.petco.com/petco/image/upload/t_ProductDetail-large/3168925-center-3.jpg,https://assets.petco.com/petco/image/upload/t_ProductDetail-large/3168925-center-4.jpg,https://assets.petco.com/petco/image/upload/t_ProductDetail-large/3168925-center-2.jpg,https://assets.petco.com/petco/image/upload/t_ProductDetail-large/3168925-center-8.jpg,https://assets.petco.com/petco/image/upload/t_ProductDetail-large/3168925-center-10.jpg,https://assets.petco.com/petco/image/upload/t_ProductDetail-large/3168925-center-5.jpg,https://assets.petco.com/petco/image/upload/t_ProductDetail-large/3168925-center-6.jpg,https://assets.petco.com/petco/image/upload/t_ProductDetail-large/3168925-center-7.jpg,https://assets.petco.com/petco/image/upload/t_ProductDetail-large/3168925-center-9.jpg",3168933,Adult,Grain Free,No,1,1,,,,,Form,Dry,1,1,Primary Flavor,Duck,1,1,Live Food,No,1,1,Breed Size,Small Breed,1,1,,,,,,,,,,,,,Weight,"4 LBS, 12 LBS",1,1
https://www.petco.com/shop/en/petcostore/product/natural-balance-lid-limited-ingredient-diets-duck-and-potato-formula-small-breed-bites-dry-dog-food,variation,1,0,visible,none,1,0,1,0,3168933,,"Natural Balance L.I.D. Limited Ingredient Diets Duck & Potato Formula Small Breed Bites Dry Dog Food, 4 LBS",$19.99,,,,,,,,,,,,,,,,,,,,,,,,,,,,,,,,,,,,,,,,,Weight,4 LBS,1,1
https://www.petco.com/shop/en/petcostore/product/natural-balance-lid-limited-ingredient-diets-duck-and-potato-formula-small-breed-bites-dry-dog-food,variation,1,0,visible,none,1,0,1,0,3168933,,"Natural Balance L.I.D. Limited Ingredient Diets Duck & Potato Formula Small Breed Bites Dry Dog Food, 12 LBS",$39.78,,,,,,,,,,,,,,,,,,,,,,,,,,,,,,,,,,,,,,,,,Weight,12 LBS,1,1
https://www.petco.com/shop/en/petcostore/product/natural-balance-lid-limited-ingredient-diets-chicken-and-brown-rice-formula-dry-dog-food,simple,1,0,visible,none,1,0,1,1,,Home > Dog > Dog Food > Dry Dog Food,Natural Balance L.I.D. Limited Ingredient Diets Chicken & Brown Rice Formula Dry Dog Food,$15.99,"Avoid unwanted additives and help bring out your dog's best with the select, premium ingredients in Natural Balance L.I.D. Limited Ingredient Diets Chicken & Brown Rice Formula Dry Dog Food. This grain-inclusive yet gluten-free premium dog food features USA farm-raised chicken as the first ingredient, which provides amino acids to help maintain strong muscles. Meanwhile, the brown rice contains fiber to help support healthy digestion. And with plenty of essential vitamins and minerals, this delicious chicken and brown rice formula dog food is complete and balanced for adult dogs of all breeds. Premium dog food for adult dogs of all breeds Produced in the USA with the world's finest ingredients Features real, USA farm-raised chicken as the #1 ingredient Provides essential amino acids to help maintain strong muscles Contains fiber to help support healthy digestion Includes no added potatoes, chicken by-product meal, corn, fillers, wheat or soy","https://assets.petco.com/petco/image/upload/t_ProductDetail-large/3131284-center-1jpg,https://assets.petco.com/petco/image/upload/t_ProductDetail-large/3131284-back-1jpg,https://assets.petco.com/petco/image/upload/t_ProductDetail-large/3131284-center-9jpg,https://assets.petco.com/petco/image/upload/t_ProductDetail-large/3131284-center-8jpg,https://assets.petco.com/petco/image/upload/t_ProductDetail-large/3131284-center-2jpg,https://assets.petco.com/petco/image/upload/t_ProductDetail-large/3131284-center-4jpg,https://assets.petco.com/petco/image/upload/t_ProductDetail-large/3131284-center-7jpg,https://assets.petco.com/petco/image/upload/t_ProductDetail-large/3131284-center-3jpg,https://assets.petco.com/petco/image/upload/t_ProductDetail-large/3131284-center-5jpg,https://assets.petco.com/petco/image/upload/t_ProductDetail-large/3131284-center-6jpg",3131284,Adult,Grain Free,No,1,1,Line,L.I.D.,1,1,Form,Dry,1,1,Primary Flavor,Chicken,1,1,Live Food,No,1,1,Breed Size,Most Sizes,1,1,Length,3.25 IN,1,1,Height,13.75 IN,1,1,Width,8 IN,1,1,Weight,4 LBS,1,1
https://www.petco.com/shop/en/petcostore/product/natural-balance-lid-limited-ingredient-diets-chicken-and-sweet-potato-formula-dry-dog-food,variable,1,0,visible,none,1,0,1,1,,Home > Dog > Dog Food > Dry Dog Food,Natural Balance L.I.D. Limited Ingredient Diets Chicken & Sweet Potato Formula Dry Dog Food,,"Why Feed a Limited Ingredient Diet? Sometimes what's NOT in your dog's food is just as important as what is. At Natural Balance we realize feeding your dog a simpler premium dog food diet with fewer ingredients gives you control of exactly which ingredients your dog eats. When you want to keep it simple, Natural Balance L.I.D. Limited Ingredient Diets dog food helps you feed your dog's greatness. Our dry dog food chicken and sweet potato formula is made with U.S. farm-raised chicken as the first ingredient and features limited, easily digestible, carbohydrate sources. This chicken and sweet potato formula has everything you want to feed your dog and nothing you don't, with no added peas, pea protein, lentils, legumes, corn, wheat, or soy. U.S. farm-raised chicken is the #1 ingredient Supported by Natural Balance's 'Buy With Confidence ' guarantee, ensuring quality, safety, and nutrition in every bite 100% satisfaction guaranteed with your Natural Balance L.I.D. small breed dog food purchase, learn more at naturalbalanceinc.com Produced in the USA with the world's finest ingredients With over 125 years of combined pet food experience across Board-Certified Clinical Veterinarians, Animal Nutritionists, Research Scientists, Design Engineers, and Pet Feeding Analysts working to design our proprietary formulas, we've got you - and your dog - covered in delivering nutrition, quality, and taste in dry dog food formulas you can feel good about","https://assets.petco.com/petco/image/upload/t_ProductDetail-large/3169063-center-1.jpg,https://assets.petco.com/petco/image/upload/t_ProductDetail-large/3169063-center-3.jpg,https://assets.petco.com/petco/image/upload/t_ProductDetail-large/3169063-center-4.jpg,https://assets.petco.com/petco/image/upload/t_ProductDetail-large/3169063-center-2.jpg,https://assets.petco.com/petco/image/upload/t_ProductDetail-large/3169063-center-8.jpg,https://assets.petco.com/petco/image/upload/t_ProductDetail-large/3169063-center-10.jpg,https://assets.petco.com/petco/image/upload/t_ProductDetail-large/3169063-center-5.jpg,https://assets.petco.com/petco/image/upload/t_ProductDetail-large/3169063-center-6.jpg,https://assets.petco.com/petco/image/upload/t_ProductDetail-large/3169063-center-7.jpg,https://assets.petco.com/petco/image/upload/t_ProductDetail-large/3169063-center-9.jpg",3169080,Adult,Grain Free,No,1,1,,,,,Form,Dry,1,1,Primary Flavor,Chicken,1,1,Live Food,No,1,1,Breed Size,Most Sizes,1,1,,,,,,,,,,,,,Weight,"4 LBS, 12 LBS, 24 LBS",1,1
https://www.petco.com/shop/en/petcostore/product/natural-balance-lid-limited-ingredient-diets-chicken-and-sweet-potato-formula-dry-dog-food,variation,1,0,visible,none,1,0,1,0,3169080,,"Natural Balance L.I.D. Limited Ingredient Diets Chicken & Sweet Potato Formula Dry Dog Food, 4 LBS",$19.99,,,,,,,,,,,,,,,,,,,,,,,,,,,,,,,,,,,,,,,,,Weight,4 LBS,1,1
https://www.petco.com/shop/en/petcostore/product/natural-balance-lid-limited-ingredient-diets-chicken-and-sweet-potato-formula-dry-dog-food,variation,1,0,visible,none,1,0,1,0,3169080,,"Natural Balance L.I.D. Limited Ingredient Diets Chicken & Sweet Potato Formula Dry Dog Food, 12 LBS",$41.99,,,,,,,,,,,,,,,,,,,,,,,,,,,,,,,,,,,,,,,,,Weight,12 LBS,1,1
https://www.petco.com/shop/en/petcostore/product/natural-balance-lid-limited-ingredient-diets-chicken-and-sweet-potato-formula-dry-dog-food,variation,1,0,visible,none,1,0,1,0,3169080,,"Natural Balance L.I.D. Limited Ingredient Diets Chicken & Sweet Potato Formula Dry Dog Food, 24 LBS",$62.99,,,,,,,,,,,,,,,,,,,,,,,,,,,,,,,,,,,,,,,,,Weight,24 LBS,1,1
https://www.petco.com/shop/en/petcostore/product/natural-balance-lid-limited-ingredient-diets-duck-and-potato-puppy-formula-dry-dog-food,variable,1,0,visible,none,1,0,1,1,,Home > Dog > Dog Food > Dry Dog Food,Natural Balance L.I.D. Limited Ingredient Diets Duck & Potato Puppy Formula Dry Dog Food,,"Why Feed a Limited Ingredient Diet? Sometimes what's NOT in your dog's food is just as important as what is. At Natural Balance we realize feeding your dog a simpler premium dry dog food diet with fewer ingredients gives you control of exactly which ingredients your dog eats. When you want to keep it simple, Natural Balance L.I.D. Limited Ingredient Diets provides a dog food option to help you feed your puppy's greatness. Our puppy dog food formula is designed to accommodate the unique needs of your puppy. Every bite is formulated with DHA from marine sources to help support neural development and is specifically shaped for smaller jaws. Our duck and potato formula has everything you want to feed your dog and nothing you don't, with no added peas, pea protein, lentils, legumes, corn, wheat, or soy. Farm-raised duck is the #1 ingredient Supported by Natural Balance's 'Buy With Confidence ' guarantee, ensuring quality, safety, and nutrition in every bite 100% satisfaction guaranteed with your Natural Balance L.I.D. small breed dog food purchase, learn more at naturalbalanceinc.com Produced in the USA with the world's finest ingredients With over 125 years of combined pet food experience across Board-Certified Clinical Veterinarians, Animal Nutritionists, Research Scientists, Design Engineers, and Pet Feeding Analysts working to design our proprietary formulas, we've got you - and your dog - covered in delivering nutrition, quality, and taste in dry dog food formulas you can feel good about","https://assets.petco.com/petco/image/upload/t_ProductDetail-large/3168968-center-1.jpg,https://assets.petco.com/petco/image/upload/t_ProductDetail-large/3168968-center-3.jpg,https://assets.petco.com/petco/image/upload/t_ProductDetail-large/3168968-center-4.jpg,https://assets.petco.com/petco/image/upload/t_ProductDetail-large/3168968-center-2.jpg,https://assets.petco.com/petco/image/upload/t_ProductDetail-large/3168968-center-8.jpg,https://assets.petco.com/petco/image/upload/t_ProductDetail-large/3168968-center-10.jpg,https://assets.petco.com/petco/image/upload/t_ProductDetail-large/3168968-center-5.jpg,https://assets.petco.com/petco/image/upload/t_ProductDetail-large/3168968-center-6.jpg,https://assets.petco.com/petco/image/upload/t_ProductDetail-large/3168968-center-7.jpg,https://assets.petco.com/petco/image/upload/t_ProductDetail-large/3168968-center-9.jpg",3168917,Puppy,Grain Free,No,1,1,,,,,Form,Dry,1,1,Primary Flavor,Duck,1,1,Live Food,No,1,1,Breed Size,Most Sizes,1,1,,,,,,,,,,,,,Weight,"4 LBS, 24 LBS",1,1
https://www.petco.com/shop/en/petcostore/product/natural-balance-lid-limited-ingredient-diets-duck-and-potato-puppy-formula-dry-dog-food,variation,1,0,visible,none,1,0,1,0,3168917,,"Natural Balance L.I.D. Limited Ingredient Diets Duck & Potato Puppy Formula Dry Dog Food, 4 LBS",$19.99,,,,,,,,,,,,,,,,,,,,,,,,,,,,,,,,,,,,,,,,,Weight,4 LBS,1,1
https://www.petco.com/shop/en/petcostore/product/natural-balance-lid-limited-ingredient-diets-duck-and-potato-puppy-formula-dry-dog-food,variation,1,0,visible,none,1,0,1,0,3168917,,"Natural Balance L.I.D. Limited Ingredient Diets Duck & Potato Puppy Formula Dry Dog Food, 24 LBS",$59.67,,,,,,,,,,,,,,,,,,,,,,,,,,,,,,,,,,,,,,,,,Weight,24 LBS,1,1
https://www.petco.com/shop/en/petcostore/product/natural-balance-lid-limited-ingredient-diets-lamb-and-brown-rice-formula-dry-puppy-food,variable,1,0,visible,none,1,0,1,1,,Home > Dog > Dog Food > Dry Dog Food,Natural Balance L.I.D. Limited Ingredient Diets Lamb & Brown Rice Formula Dry Puppy Food,,"Help bring out your best bud's best with the select, simple, premium ingredients and delicious taste of Natural Balance L.I.D. Limited Ingredient Diets Lamb & Brown Rice Puppy Formula Dry Dog Food. This grain-inclusive premium dog food is made with no gluten ingredients. The first ingredient is real lamb, which provides amino acids - to help build the strong muscles your dog needs to make the most of your adventures together. Meanwhile, whole-grain brown rice contains fiber to help support healthy digestion. And with essential vitamins and minerals, this delicious lamb and brown rice formula dog food is complete and balanced for growing puppies. To top it all off, like all Natural Balance products, it's backed by our Buy With Confidence promise, so you can rest assured that it's healthy, tasty and safe. Premium dog food for growing puppies Produced in the USA with the world's finest ingredients Features real lamb as the #1 ingredient Provides essential amino acids to help build strong muscles Contains fiber to help support healthy digestion Includes no added potatoes, corn, fillers, wheat or soy","https://assets.petco.com/petco/image/upload/t_ProductDetail-large/3131276-center-1.jpg,https://assets.petco.com/petco/image/upload/t_ProductDetail-large/3131276-center-7.jpg,https://assets.petco.com/petco/image/upload/t_ProductDetail-large/3131276-back-1.jpg,https://assets.petco.com/petco/image/upload/t_ProductDetail-large/3131276-center-10.jpg,https://assets.petco.com/petco/image/upload/t_ProductDetail-large/3131276-center-9.jpg,https://assets.petco.com/petco/image/upload/t_ProductDetail-large/3131276-center-4.jpg,https://assets.petco.com/petco/image/upload/t_ProductDetail-large/3131276-center-5.jpg,https://assets.petco.com/petco/image/upload/t_ProductDetail-large/3131276-center-8.jpg,https://assets.petco.com/petco/image/upload/t_ProductDetail-large/3131276-center-3.jpg,https://assets.petco.com/petco/image/upload/t_ProductDetail-large/3131276-center-2.jpg",3131276,Puppy,Grain Free,No,1,1,Line,L.I.D.,1,1,Form,Dry,1,1,Primary Flavor,Lamb,1,1,Live Food,No,1,1,Breed Size,Most Sizes,1,1,,,,,,,,,,,,,Weight,"4 LBS, 12 LBS, 24 LBS",1,1
https://www.petco.com/shop/en/petcostore/product/natural-balance-lid-limited-ingredient-diets-lamb-and-brown-rice-formula-dry-puppy-food,variation,1,0,visible,none,1,0,1,0,3131276,,"Natural Balance L.I.D. Limited Ingredient Diets Lamb & Brown Rice Formula Dry Puppy Food, 4 LBS",$15.99,,,,,,,,,,,,,,,,,,,,,,,,,,,,,Length,4 IN,1,1,Height,13.75 IN,1,1,Width,8 IN,1,1,Weight,4 LBS,1,1
https://www.petco.com/shop/en/petcostore/product/natural-balance-lid-limited-ingredient-diets-lamb-and-brown-rice-formula-dry-puppy-food,variation,1,0,visible,none,1,0,1,0,3131276,,"Natural Balance L.I.D. Limited Ingredient Diets Lamb & Brown Rice Formula Dry Puppy Food, 12 LBS",$29.99,,,,,,,,,,,,,,,,,,,,,,,,,,,,,Length,3.5 IN,1,1,Height,20.5 IN,1,1,Width,12.75 IN,1,1,Weight,12 LBS,1,1
https://www.petco.com/shop/en/petcostore/product/natural-balance-lid-limited-ingredient-diets-lamb-and-brown-rice-formula-dry-puppy-food,variation,1,0,visible,none,1,0,1,0,3131276,,"Natural Balance L.I.D. Limited Ingredient Diets Lamb & Brown Rice Formula Dry Puppy Food, 24 LBS",$48.49,,,,,,,,,,,,,,,,,,,,,,,,,,,,,Length,3.75 IN,1,1,Height,23.5 IN,1,1,Width,16 IN,1,1,Weight,24 LBS,1,1
https://www.petco.com/shop/en/petcostore/product/natural-balance-lid-limited-ingredient-diets-lamb-and-brown-rice-small-breed-formula-dry-dog-food,variable,1,0,visible,none,1,0,1,1,,Home > Dog > Dog Food > Dry Dog Food,Natural Balance L.I.D. Limited Ingredient Diets Lamb & Brown Rice Small Breed Formula Dry Dog Food,,"Help bring out your best bud's best with the select, simple, premium ingredients and delicious taste of Natural Balance L.I.D. Limited Ingredient Diets Lamb & Brown Rice Small Breed Formula Dry Dog Food. This grain-inclusive premium dog food is made with no gluten ingredients. The first ingredient is real lamb, which provides amino acids - to help build the strong muscles your dog needs to make the most of your adventures together. Meanwhile, whole-grain brown rice contains fiber to help support healthy digestion and our smaller kibble is designed to accommodate the unique needs of your small breed dog. And with essential vitamins and minerals, this delicious lamb and brown rice formula dog food is complete and balanced. To top it all off, like all Natural Balance products, it's backed by our Buy With Confidence promise, so you can rest assured that it's healthy, tasty and safe. Premium dog food for small breed dogs Produced in the USA with the world's finest ingredients Features real lamb as the #1 ingredient Provides essential amino acids to help build strong muscles Contains fiber to help support healthy digestion Includes no added potatoes, corn, fillers, wheat or soy","https://assets.petco.com/petco/image/upload/t_ProductDetail-large/3131313-center-1.jpg,https://assets.petco.com/petco/image/upload/t_ProductDetail-large/3131313-center-7.jpg,https://assets.petco.com/petco/image/upload/t_ProductDetail-large/3131313-back-1.jpg,https://assets.petco.com/petco/image/upload/t_ProductDetail-large/3131313-center-10.jpg,https://assets.petco.com/petco/image/upload/t_ProductDetail-large/3131313-center-9.jpg,https://assets.petco.com/petco/image/upload/t_ProductDetail-large/3131313-center-4.jpg,https://assets.petco.com/petco/image/upload/t_ProductDetail-large/3131313-center-5.jpg,https://assets.petco.com/petco/image/upload/t_ProductDetail-large/3131313-center-8.jpg,https://assets.petco.com/petco/image/upload/t_ProductDetail-large/3131313-center-3.jpg,https://assets.petco.com/petco/image/upload/t_ProductDetail-large/3131313-center-2.jpg",3131313,Adult,Grain Free,No,1,1,Line,L.I.D.,1,1,Form,Dry,1,1,Primary Flavor,Lamb,1,1,Live Food,No,1,1,Breed Size,Small Breed,1,1,,,,,,,,,,,,,Weight,"4 LBS, 12 LBS",1,1
https://www.petco.com/shop/en/petcostore/product/natural-balance-lid-limited-ingredient-diets-lamb-and-brown-rice-small-breed-formula-dry-dog-food,variation,1,0,visible,none,1,0,1,0,3131313,,"Natural Balance L.I.D. Limited Ingredient Diets Lamb & Brown Rice Small Breed Formula Dry Dog Food, 4 LBS",$15.99,,,,,,,,,,,,,,,,,,,,,,,,,,,,,Length,4 IN,1,1,Height,13.75 IN,1,1,Width,8 IN,1,1,Weight,4 LBS,1,1
https://www.petco.com/shop/en/petcostore/product/natural-balance-lid-limited-ingredient-diets-lamb-and-brown-rice-small-breed-formula-dry-dog-food,variation,1,0,visible,none,1,0,1,0,3131313,,"Natural Balance L.I.D. Limited Ingredient Diets Lamb & Brown Rice Small Breed Formula Dry Dog Food, 12 LBS",$29.99,,,,,,,,,,,,,,,,,,,,,,,,,,,,,Length,3.5 IN,1,1,Height,20.5 IN,1,1,Width,12.75 IN,1,1,Weight,12 LBS,1,1
https://www.petco.com/shop/en/petcostore/product/natural-balance-lid-limited-ingredient-diets-salmon-and-sweet-potato-formula-small-breed-bites-dry-dog-food,variable,1,0,visible,none,1,0,1,1,,Home > Dog > Dog Food > Dry Dog Food,Natural Balance L.I.D. Limited Ingredient Diets Salmon & Sweet Potato Formula Small Breed Bites Dry Dog Food,,"Why Feed a Limited Ingredient Diet? Sometimes what's NOT in your dog's food is just as important as what is. At Natural Balance we realize feeding your dog a simpler premium dry dog food diet with fewer ingredients gives you control of exactly which ingredients your dog eats. When you want to keep it simple, Natural Balance L.I.D. Limited Ingredient Diets provides a dog food option to help you feed your dog's greatness. Our Small Breed Bites small breed dog food kibble is designed for smaller jaws and formulated to meet the unique nutritional needs of your dog. Every bite is packed with flavor and rich in nutrients, and the crunchy texture of this premium dry dog food helps promote clean teeth and healthy gums. Our salmon and sweet potato formula has everything you want to feed your dog and nothing you don't, with no added peas, pea protein, lentils, legumes, corn, wheat, or soy. Salmon is the #1 ingredient Supported by Natural Balance's 'Buy With Confidence ' guarantee, ensuring quality, safety, and nutrition in every bite 100% satisfaction guaranteed with your Natural Balance L.I.D. small breed dog food purchase, learn more at naturalbalanceinc.com Produced in the USA with the world's finest ingredients With over 125 years of combined pet food experience across Board-Certified Clinical Veterinarians, Animal Nutritionists, Research Scientists, Design Engineers, and Pet Feeding Analysts working to design our proprietary formulas, we've got you - and your dog - covered in delivering nutrition, quality, and taste in dry dog food formulas you can feel good about","https://assets.petco.com/petco/image/upload/t_ProductDetail-large/3169012-center-1.jpg,https://assets.petco.com/petco/image/upload/t_ProductDetail-large/3169012-center-3.jpg,https://assets.petco.com/petco/image/upload/t_ProductDetail-large/3169012-center-4.jpg,https://assets.petco.com/petco/image/upload/t_ProductDetail-large/3169012-center-2.jpg,https://assets.petco.com/petco/image/upload/t_ProductDetail-large/3169012-center-8.jpg,https://assets.petco.com/petco/image/upload/t_ProductDetail-large/3169012-center-10.jpg,https://assets.petco.com/petco/image/upload/t_ProductDetail-large/3169012-center-5.jpg,https://assets.petco.com/petco/image/upload/t_ProductDetail-large/3169012-center-6.jpg,https://assets.petco.com/petco/image/upload/t_ProductDetail-large/3169012-center-7.jpg,https://assets.petco.com/petco/image/upload/t_ProductDetail-large/3169012-center-9.jpg",3169021,Adult,Grain Free,No,1,1,,,,,Form,Dry,1,1,Primary Flavor,Fish,1,1,Live Food,No,1,1,Breed Size,Small Breed,1,1,,,,,,,,,,,,,Weight,"4 LBS, 12 LBS",1,1
https://www.petco.com/shop/en/petcostore/product/natural-balance-lid-limited-ingredient-diets-salmon-and-sweet-potato-formula-small-breed-bites-dry-dog-food,variation,1,0,visible,none,1,0,1,0,3169021,,"Natural Balance L.I.D. Limited Ingredient Diets Salmon & Sweet Potato Formula Small Breed Bites Dry Dog Food, 4 LBS",$19.99,,,,,,,,,,,,,,,,,,,,,,,,,,,,,,,,,,,,,,,,,Weight,4 LBS,1,1
https://www.petco.com/shop/en/petcostore/product/natural-balance-lid-limited-ingredient-diets-salmon-and-sweet-potato-formula-small-breed-bites-dry-dog-food,variation,1,0,visible,none,1,0,1,0,3169021,,"Natural Balance L.I.D. Limited Ingredient Diets Salmon & Sweet Potato Formula Small Breed Bites Dry Dog Food, 12 LBS",$41.99,,,,,,,,,,,,,,,,,,,,,,,,,,,,,,,,,,,,,,,,,Weight,12 LBS,1,1
https://www.petco.com/shop/en/petcostore/product/natural-balance-lid-limited-ingredient-diets-lamb-and-brown-rice-formula-dry-dog-food,variable,1,0,visible,none,1,0,1,1,,Home > Dog > Dog Food > Dry Dog Food,Natural Balance L.I.D. Limited Ingredient Diets Lamb & Brown Rice Formula Dry Dog Food,,"Help bring out your best bud's best with the select, simple, premium ingredients and delicious taste of Natural Balance L.I.D. Limited Ingredient Diets Lamb & Brown Rice Formula Dry Dog Food. This grain-inclusive premium dog food is made with no gluten ingredients. The first ingredient is real lamb, which provides amino acids - to help build the strong muscles your dog needs to make the most of your adventures together. Meanwhile, the brown rice contains fiber to help support healthy digestion. And with essential vitamins and minerals, this delicious lamb and brown rice formula dog food is complete and balanced for adult dogs of all sizes. To top it all off, like all Natural Balance products, it's backed by our Buy With Confidence promise, so you can rest assured that it's healthy, tasty and safe. Premium dog food for adult dogs of all sizes Produced in the USA with the world's finest ingredients Features real lamb as the #1 ingredient Provides essential amino acids to help build strong muscles Contains fiber to help support healthy digestion Includes no added potatoes, corn, fillers, wheat or soy","https://assets.petco.com/petco/image/upload/t_ProductDetail-large/3131356-center-1.jpg,https://assets.petco.com/petco/image/upload/t_ProductDetail-large/3131356-center-6.jpg,https://assets.petco.com/petco/image/upload/t_ProductDetail-large/3131356-back-1.jpg,https://assets.petco.com/petco/image/upload/t_ProductDetail-large/3131356-center-9.jpg,https://assets.petco.com/petco/image/upload/t_ProductDetail-large/3131356-center-8.jpg,https://assets.petco.com/petco/image/upload/t_ProductDetail-large/3131356-center-3.jpg,https://assets.petco.com/petco/image/upload/t_ProductDetail-large/3131356-center-4.jpg,https://assets.petco.com/petco/image/upload/t_ProductDetail-large/3131356-center-7.jpg,https://assets.petco.com/petco/image/upload/t_ProductDetail-large/3131356-center-2.jpg,https://assets.petco.com/petco/image/upload/t_ProductDetail-large/3131356-center-5.jpg",3131372,Adult,Grain Free,No,1,1,Line,L.I.D.,1,1,Form,Dry,1,1,Primary Flavor,Lamb,1,1,Live Food,No,1,1,Breed Size,Most Sizes,1,1,,,,,,,,,,,,,Weight,"4 LBS, 12 LBS, 26 LBS",1,1
https://www.petco.com/shop/en/petcostore/product/natural-balance-lid-limited-ingredient-diets-lamb-and-brown-rice-formula-dry-dog-food,variation,1,0,visible,none,1,0,1,0,3131372,,"Natural Balance L.I.D. Limited Ingredient Diets Lamb & Brown Rice Formula Dry Dog Food, 4 LBS",$14.39,,,,,,,,,,,,,,,,,,,,,,,,,,,,,Length,4 IN,1,1,Height,13.75 IN,1,1,Width,8 IN,1,1,Weight,4 LBS,1,1
https://www.petco.com/shop/en/petcostore/product/natural-balance-lid-limited-ingredient-diets-lamb-and-brown-rice-formula-dry-dog-food,variation,1,0,visible,none,1,0,1,0,3131372,,"Natural Balance L.I.D. Limited Ingredient Diets Lamb & Brown Rice Formula Dry Dog Food, 12 LBS",$29.99,,,,,,,,,,,,,,,,,,,,,,,,,,,,,Length,3.5 IN,1,1,Height,20.5 IN,1,1,Width,12.75 IN,1,1,Weight,12 LBS,1,1
https://www.petco.com/shop/en/petcostore/product/natural-balance-lid-limited-ingredient-diets-lamb-and-brown-rice-formula-dry-dog-food,variation,1,0,visible,none,1,0,1,0,3131372,,"Natural Balance L.I.D. Limited Ingredient Diets Lamb & Brown Rice Formula Dry Dog Food, 26 LBS",$48.49,,,,,,,,,,,,,,,,,,,,,,,,,,,,,Length,3.75 IN,1,1,Height,25 IN,1,1,Width,16 IN,1,1,Weight,26 LBS,1,1
https://www.petco.com/shop/en/petcostore/product/natural-balance-lid-limited-ingredient-diets-salmon-and-sweet-potato-formula-dry-dog-food,variable,1,0,visible,none,1,0,1,1,,Home > Dog > Dog Food > Dry Dog Food,Natural Balance L.I.D. Limited Ingredient Diets Salmon & Sweet Potato Formula Dry Dog Food,,"Why Feed a Limited Ingredient Diet? Sometimes what's NOT in your dog's food is just as important as what is. At Natural Balance we realize feeding your dog a simpler premium dry dog food diet with fewer ingredients gives you control of exactly which ingredients your dog eats. When you want to keep it simple, Natural Balance L.I.D. Limited Ingredient Diets provides a dog food option to help you feed your dog's greatness. Our dry dog food salmon and sweet potato formula is made with real salmon as the first ingredient and features limited, easily digestible, carbohydrate sources. This salmon and sweet potato formula has everything you want to feed your dog and nothing you don't, with no added peas, pea protein, lentils, legumes, corn, wheat, or soy. Real salmon is the #1 ingredient Supported by Natural Balance's 'Buy With Confidence ' guarantee, ensuring quality, safety, and nutrition in every bite 100% satisfaction guaranteed with your Natural Balance L.I.D. small breed dog food purchase, learn more at naturalbalanceinc.com Produced in the USA with the world's finest ingredients With over 125 years of combined pet food experience across Board-Certified Clinical Veterinarians, Animal Nutritionists, Research Scientists, Design Engineers, and Pet Feeding Analysts working to design our proprietary formulas, we've got you - and your dog - covered in delivering nutrition, quality, and taste in dry dog food formulas you can feel good about","https://assets.petco.com/petco/image/upload/t_ProductDetail-large/3169039-center-1.jpg,https://assets.petco.com/petco/image/upload/t_ProductDetail-large/3169039-center-3.jpg,https://assets.petco.com/petco/image/upload/t_ProductDetail-large/3169039-center-4.jpg,https://assets.petco.com/petco/image/upload/t_ProductDetail-large/3169039-center-2.jpg,https://assets.petco.com/petco/image/upload/t_ProductDetail-large/3169039-center-8.jpg,https://assets.petco.com/petco/image/upload/t_ProductDetail-large/3169039-center-10.jpg,https://assets.petco.com/petco/image/upload/t_ProductDetail-large/3169039-center-5.jpg,https://assets.petco.com/petco/image/upload/t_ProductDetail-large/3169039-center-6.jpg,https://assets.petco.com/petco/image/upload/t_ProductDetail-large/3169039-center-7.jpg,https://assets.petco.com/petco/image/upload/t_ProductDetail-large/3169039-center-9.jpg",3168950,Adult,Grain Free,No,1,1,,,,,Form,Dry,1,1,Primary Flavor,Fish,1,1,Live Food,No,1,1,Breed Size,Most Sizes,1,1,,,,,,,,,,,,,Weight,"4 LBS, 12 LBS, 24 LBS",1,1
https://www.petco.com/shop/en/petcostore/product/natural-balance-lid-limited-ingredient-diets-salmon-and-sweet-potato-formula-dry-dog-food,variation,1,0,visible,none,1,0,1,0,3168950,,"Natural Balance L.I.D. Limited Ingredient Diets Salmon & Sweet Potato Formula Dry Dog Food, 4 LBS",$19.99,,,,,,,,,,,,,,,,,,,,,,,,,,,,,,,,,,,,,,,,,Weight,4 LBS,1,1
https://www.petco.com/shop/en/petcostore/product/natural-balance-lid-limited-ingredient-diets-salmon-and-sweet-potato-formula-dry-dog-food,variation,1,0,visible,none,1,0,1,0,3168950,,"Natural Balance L.I.D. Limited Ingredient Diets Salmon & Sweet Potato Formula Dry Dog Food, 12 LBS",$41.99,,,,,,,,,,,,,,,,,,,,,,,,,,,,,,,,,,,,,,,,,Weight,12 LBS,1,1
https://www.petco.com/shop/en/petcostore/product/natural-balance-lid-limited-ingredient-diets-salmon-and-sweet-potato-formula-dry-dog-food,variation,1,0,visible,none,1,0,1,0,3168950,,"Natural Balance L.I.D. Limited Ingredient Diets Salmon & Sweet Potato Formula Dry Dog Food, 24 LBS",$62.99,,,,,,,,,,,,,,,,,,,,,,,,,,,,,,,,,,,,,,,,,Weight,24 LBS,1,1
https://www.petco.com/shop/en/petcostore/product/natural-balance-lid-limited-ingredient-diets-lamb-and-brown-rice-large-breed-formula-dry-dog-food,variable,1,0,visible,none,1,0,1,1,,Home > Dog > Dog Food > Dry Dog Food,Natural Balance L.I.D. Limited Ingredient Diets Lamb & Brown Rice Large Breed Formula Dry Dog Food,,"Help bring out your best bud's best with the select, simple, premium ingredients and delicious taste of Natural Balance L.I.D. Limited Ingredient Diets Lamb & Brown Rice Large Breed Formula Dry Dog Food. This grain-inclusive premium dog food is made with no gluten ingredients. The first ingredient is real lamb, which provides amino acids - to help build the strong muscles your dog needs to make the most of your adventures together. Meanwhile, whole-grain brown rice contains fiber to help support healthy digestion. And with essential vitamins and minerals, this delicious lamb and brown rice formula dog food is complete and balanced to meet the unique nutritional needs of your large breed dog. Designed for large jaws and teeth, this kibble encourages large breed dogs to chew properly and eat slower, while the crunchy texture helps promote clean teeth and healthy gums. Premium dog food for large breed dogs Produced in the USA with the world's finest ingredients Features real lamb as the #1 ingredient Provides essential amino acids to help build strong muscles Contains fiber to help support healthy digestion Includes no added potatoes, corn, fillers, wheat or soy","https://assets.petco.com/petco/image/upload/t_ProductDetail-large/3131305-center-1.jpg,https://assets.petco.com/petco/image/upload/t_ProductDetail-large/3131305-center-7.jpg,https://assets.petco.com/petco/image/upload/t_ProductDetail-large/3131305-back-1.jpg,https://assets.petco.com/petco/image/upload/t_ProductDetail-large/3131305-center-10.jpg,https://assets.petco.com/petco/image/upload/t_ProductDetail-large/3131305-center-9.jpg,https://assets.petco.com/petco/image/upload/t_ProductDetail-large/3131305-center-4.jpg,https://assets.petco.com/petco/image/upload/t_ProductDetail-large/3131305-center-5.jpg,https://assets.petco.com/petco/image/upload/t_ProductDetail-large/3131305-center-8.jpg,https://assets.petco.com/petco/image/upload/t_ProductDetail-large/3131305-center-3.jpg,https://assets.petco.com/petco/image/upload/t_ProductDetail-large/3131305-center-2.jpg",3131292,Adult,Grain Free,No,1,1,Line,L.I.D.,1,1,Form,Dry,1,1,Primary Flavor,Lamb,1,1,Live Food,No,1,1,Breed Size,Large Breed,1,1,,,,,,,,,,,,,Weight,"12 LBS, 26 LBS",1,1
https://www.petco.com/shop/en/petcostore/product/natural-balance-lid-limited-ingredient-diets-lamb-and-brown-rice-large-breed-formula-dry-dog-food,variation,1,0,visible,none,1,0,1,0,3131292,,"Natural Balance L.I.D. Limited Ingredient Diets Lamb & Brown Rice Large Breed Formula Dry Dog Food, 12 LBS",$28.49,,,,,,,,,,,,,,,,,,,,,,,,,,,,,Length,3.5 IN,1,1,Height,20.5 IN,1,1,Width,12.75 IN,1,1,Weight,12 LBS,1,1
https://www.petco.com/shop/en/petcostore/product/natural-balance-lid-limited-ingredient-diets-lamb-and-brown-rice-large-breed-formula-dry-dog-food,variation,1,0,visible,none,1,0,1,0,3131292,,"Natural Balance L.I.D. Limited Ingredient Diets Lamb & Brown Rice Large Breed Formula Dry Dog Food, 26 LBS",$50.99,,,,,,,,,,,,,,,,,,,,,,,,,,,,,Length,3.75 IN,1,1,Height,25 IN,1,1,Width,16 IN,1,1,Weight,26 LBS,1,1
https://www.petco.com/shop/en/petcostore/product/hills-science-diet-adult-light-small-bites-with-chicken-meal-and-barley-dry-dog-food,variable,1,0,visible,none,1,0,1,1,,Home > Dog > Dog Food > Dry Dog Food,Hill's Science Diet Adult Light Small Bites with Chicken Meal & Barley Dry Dog Food,,"Hill's Science Diet Light Small Bites Adult dry dog food is precise nutrition for less active adult dogs requiring a low calorie food to maintain a healthy weight & lifestyle. Delicious chicken flavor in a small bite size for those that prefer variety. Low calories & L Carnitine help promote ideal body weight, support healthy mobility & maintain heart function. High quality protein & natural fibers help satisfy hunger between meals. Omega 6s & Vitamin E for beautiful skin & coat Made in the USA with global ingredients you can trust Small kibble dog food with 18% fewer calories vs. Science Diet Adult Provides L carnitine to promote healthy body weight and heart function Quality protein and natural fibers help keep your dog satisfied between meals Supports healthy skin and coat with omega 6 fatty acids and vitamin E Made with natural ingredients Fresh new look, coming soon!","https://assets.petco.com/petco/image/upload/t_ProductDetail-large/2987144-center-1.jpg,https://assets.petco.com/petco/image/upload/t_ProductDetail-large/2987144-center-2.jpg,https://assets.petco.com/petco/image/upload/t_ProductDetail-large/2987144-center-3.jpg,https://assets.petco.com/petco/image/upload/t_ProductDetail-large/2987144-center-4.jpg,https://assets.petco.com/petco/image/upload/t_ProductDetail-large/2987144-center-5.jpg,https://assets.petco.com/petco/image/upload/t_ProductDetail-large/2987144-center-6.jpg,https://assets.petco.com/petco/image/upload/t_ProductDetail-large/2987144-center-7.jpg,https://assets.petco.com/petco/image/upload/t_ProductDetail-large/2987144-center-8.jpg,https://assets.petco.com/petco/image/upload/t_ProductDetail-large/2987144-center-9.jpg",802816,Adult,Grain Free,No,1,1,Line,Science Diet,1,1,Form,Dry,1,1,Primary Flavor,Chicken,1,1,Live Food,No,1,1,Breed Size,Small Breed,1,1,,,,,,,,,,,,,Weight,"5 LBS, 15 LBS, 30 LBS",1,1
https://www.petco.com/shop/en/petcostore/product/hills-science-diet-adult-light-small-bites-with-chicken-meal-and-barley-dry-dog-food,variation,1,0,visible,none,1,0,1,0,802816,,"Hill's Science Diet Adult Light Small Bites with Chicken Meal & Barley Dry Dog Food, 5 LBS",$14.99,,,,,,,,,,,,,,,,,,,,,,,,,,,,,Length,7.47 IN,1,1,Height,10 IN,1,1,Width,5.56 IN,1,1,Weight,5 LBS,1,1
https://www.petco.com/shop/en/petcostore/product/hills-science-diet-adult-light-small-bites-with-chicken-meal-and-barley-dry-dog-food,variation,1,0,visible,none,1,0,1,0,802816,,"Hill's Science Diet Adult Light Small Bites with Chicken Meal & Barley Dry Dog Food, 15 LBS",$30.99,,,,,,,,,,,,,,,,,,,,,,,,,,,,,Length,20 IN,1,1,Height,5.75 IN,1,1,Width,13.33 IN,1,1,Weight,15 LBS,1,1
https://www.petco.com/shop/en/petcostore/product/hills-science-diet-adult-light-small-bites-with-chicken-meal-and-barley-dry-dog-food,variation,1,0,visible,none,1,0,1,0,802816,,"Hill's Science Diet Adult Light Small Bites with Chicken Meal & Barley Dry Dog Food, 30 LBS",$51.99,,,,,,,,,,,,,,,,,,,,,,,,,,,,,Length,23.62 IN,1,1,Height,7.75 IN,1,1,Width,15.75 IN,1,1,Weight,30 LBS,1,1
https://www.petco.com/shop/en/petcostore/product/gentle-giants-chicken-world-class-dry-dog-food,variable,1,0,visible,none,1,0,1,1,,Home > Dog > Dog Food > Dry Dog Food,Gentle Giants Chicken World Class Dry Dog Food,,"Gentle Giants World Class Canine Nutrition Classic 'Quality of Life' TM Feast Dog and Puppy Food is a wholesome blend of Non-GMO Super Premium Natural Ingredients, including farm-raised chicken, pearled barley, brown rice, oatmeal and a medley of 8 nutritious fruits and vegetables, including peas, sweet potatoes, carrots, spinach, pumpkin, cranberries, blueberries, and apples. Plus, Gentle Giants has the superfood functional ingredient New Zealand Green Mussels that helps support your pet's healthy joints, reduces inflammation, is a powerful natural source of glucosamine and chondroitin, and can help restore bone strength. Burt Ward, Robin the Boy Wonder from the BATMAN TV series, and his wife, Tracy, have developed a unique dog and puppy food and a Special Feeding and Care Program over 25 years rescuing and caring for more than 15,500 dogs that has achieved amazing success, with dogs living as long as 27 years with a wonderful quality of life Added Chelated vitamins and minerals, antioxidants and supplements such as Vitamin A, Vitamin B12, Vitamin C, Vitamin E, Taurine and Niacin improves digestion, increases absorption of nutrients, maximizes nutrition, and supports optimal health No Fillers, No Corn, No Wheat, No Soy, No BHA, No BHT, No Ethoxyquin, No By-Products, No Artificial Colors or Dyes, No Artificial Flavors, and No Artificial Preservatives Added vitamins and minerals, antioxidants and supplements improves digestion, increases absorption of nutrients, maximizes nutrition, and supports optimal health Is your dog food NON GMO? Our Gentle Giants World Class Canine Nutrition dog and puppy foods are certified by our ingredient suppliers to not contain Genetically Modified Organisms (NON GMO)","https://assets.petco.com/petco/image/upload/t_ProductDetail-large/3210476-center-1.jpg,https://assets.petco.com/petco/image/upload/t_ProductDetail-large/3210476-back-1.jpg,https://assets.petco.com/petco/image/upload/t_ProductDetail-large/3210476-center-2.jpg,https://assets.petco.com/petco/image/upload/t_ProductDetail-large/3210476-center-3.jpg",3210476,All Lifestages,Grain Free,No,1,1,,,,,Form,Dry,1,1,Primary Flavor,Chicken,1,1,Live Food,No,1,1,Breed Size,Most Sizes,1,1,,,,,,,,,,,,,Weight,"3.5 LBS, 15 LBS, 30 LBS",1,1
https://www.petco.com/shop/en/petcostore/product/gentle-giants-chicken-world-class-dry-dog-food,variation,1,0,visible,none,1,0,1,0,3210476,,"Gentle Giants Chicken World Class Dry Dog Food, 3.5 LBS",$6.59,,,,,,,,,,,,,,,,,,,,,,,,,,,,,Length,12 IN,1,1,Height,4.5 IN,1,1,Width,10.5 IN,1,1,Weight,3.5 LBS,1,1
https://www.petco.com/shop/en/petcostore/product/gentle-giants-chicken-world-class-dry-dog-food,variation,1,0,visible,none,1,0,1,0,3210476,,"Gentle Giants Chicken World Class Dry Dog Food, 15 LBS",$21.36,,,,,,,,,,,,,,,,,,,,,,,,,,,,,Length,28 IN,1,1,Height,3.8 IN,1,1,Width,13 IN,1,1,Weight,15 LBS,1,1
https://www.petco.com/shop/en/petcostore/product/gentle-giants-chicken-world-class-dry-dog-food,variation,1,0,visible,none,1,0,1,0,3210476,,"Gentle Giants Chicken World Class Dry Dog Food, 30 LBS",$35.23,,,,,,,,,,,,,,,,,,,,,,,,,,,,,Length,33 IN,1,1,Height,5 IN,1,1,Width,16 IN,1,1,Weight,30 LBS,1,1
https://www.petco.com/shop/en/petcostore/product/wholehearted-grain-free-lid-beef-and-pea-adult-dog-food,variable,1,0,visible,none,1,0,1,1,,Home > Dog > Dog Food > Dog Food Flavors > Dog Food With Beef,WholeHearted Grain Free All Life Stages Beef & Pea Formula Dry Dog Food,,"The WholeHearted Grain Free All Life Stages Beef & Pea Formula Dry Dog Food offers complete nutrition with probiotics in an irresistible flavor and texture. Omega-3 fatty acids, antioxidants, vitamins and minerals are included as well to provide them with balanced nutrition. Guaranteed canine probiotic strains help maintain healthy digestion Omega-3 and Omega-6 Fatty Acids for Healthy Skin & Coat No Corn, Wheat, Soy or Grains of any kind Antioxidant Formula for Healthy Immunity (guaranteed levels of Vitamin E, Selenium, and Zinc) Vitamins & Minerals for Balanced Nutrition Real Beef # 1 Ingredient Grain Free, All Life Stage Formula Dry Dog Food from WholeHearted Feeding Guide","https://assets.petco.com/petco/image/upload/t_ProductDetail-large/2582201-center-1.jpg,https://assets.petco.com/petco/image/upload/t_ProductDetail-large/2582201-back-1.jpg,https://assets.petco.com/petco/image/upload/t_ProductDetail-large/2582201-right-1.jpg,https://assets.petco.com/petco/image/upload/t_ProductDetail-large/2582201-left-1.jpg,https://assets.petco.com/petco/image/upload/t_ProductDetail-large/2806462-center-7.jpg,https://assets.petco.com/petco/image/upload/t_ProductDetail-large/2806462-center-8.jpg,https://assets.petco.com/petco/image/upload/t_ProductDetail-large/2806462-center-9.jpg",2582243,All Lifestages,Grain Free,Yes,1,1,,,,,Form,Dry,1,1,Primary Flavor,Beef,1,1,Live Food,No,1,1,Breed Size,Most Sizes,1,1,,,,,,,,,,,,,Weight,"5 LBS, 14 LB, 25 LB, 40 LBS",1,1
https://www.petco.com/shop/en/petcostore/product/wholehearted-grain-free-lid-beef-and-pea-adult-dog-food,variation,1,0,visible,none,1,0,1,0,2582243,,"WholeHearted Grain Free All Life Stages Beef & Pea Formula Dry Dog Food, 5 LBS",$9.99,,,,,,,,,,,,,,,,,,,,,,,,,,,,,,,,,,,,,,,,,Weight,5 LBS,1,1
https://www.petco.com/shop/en/petcostore/product/wholehearted-grain-free-lid-beef-and-pea-adult-dog-food,variation,1,0,visible,none,1,0,1,0,2582243,,"WholeHearted Grain Free All Life Stages Beef & Pea Formula Dry Dog Food, 14 LB",$24.99,,,,,,,,,,,,,,,,,,,,,,,,,,,,,,,,,,,,,,,,,Weight,14 LB,1,1
https://www.petco.com/shop/en/petcostore/product/wholehearted-grain-free-lid-beef-and-pea-adult-dog-food,variation,1,0,visible,none,1,0,1,0,2582243,,"WholeHearted Grain Free All Life Stages Beef & Pea Formula Dry Dog Food, 25 LB",$39.99,,,,,,,,,,,,,,,,,,,,,,,,,,,,,,,,,,,,,,,,,Weight,25 LB,1,1
https://www.petco.com/shop/en/petcostore/product/wholehearted-grain-free-lid-beef-and-pea-adult-dog-food,variation,1,0,visible,none,1,0,1,0,2582243,,"WholeHearted Grain Free All Life Stages Beef & Pea Formula Dry Dog Food, 40 LBS",$52.99,,,,,,,,,,,,,,,,,,,,,,,,,,,,,,,,,,,,,,,,,Weight,40 LBS,1,1
https://www.petco.com/shop/en/petcostore/product/blue-buffalo-baby-blue-natural-chicken-and-brown-rice-recipe-dry-puppy-food,variable,1,0,visible,none,1,0,1,1,,Home > Dog > Dog Food > Dry Dog Food,Blue Buffalo Baby Blue Natural Chicken and Brown Rice Recipe Dry Puppy Food,,"Healthy, delicious Baby BLUE gives your puppy the nutritious food he needs to develop into a happy, healthy adult. Baby BLUE includes real chicken as the first ingredient, wholesome whole grains and garden veggies REAL MEAT FIRST: Blue Buffalo foods always feature real meat as the first ingredient, that means there is more chicken than any other ingredient. High-quality protein from real chicken helps your dog build and maintain healthy muscles. Plus they contain garden veggies and fruit. FOR PUPPY DOGS: Specially formulated for puppies, Baby BLUE Puppy Food contains DHA and ARA (important fatty acids found in mother's milk) to support cognitive function and retinal health. WITH LIFESOURCE BITS: This formula contains BLUE's exclusive LifeSource Bits - a precise blend of antioxidants, vitamins and minerals carefully selected by holistic veterinarians and animal nutritionists, to support immune system health, life stage requirements, and a healthy oxidative balance. A NATURAL DOG FOOD: Baby BLUE dry dog foods are made with the finest natural ingredients enhanced with vitamins and minerals. BLUE contains NO chicken (or poultry) by-product meals, corn, wheat, soy, artificial flavors or preservatives. Contains one (1) lb. Bag of","https://assets.petco.com/petco/image/upload/t_ProductDetail-large/3096263-center-1.jpg,https://assets.petco.com/petco/image/upload/t_ProductDetail-large/3096263-back-1.jpg,https://assets.petco.com/petco/image/upload/t_ProductDetail-large/3096263-center-2.jpg,https://assets.petco.com/petco/image/upload/t_ProductDetail-large/3096263-center-6.jpg,https://assets.petco.com/petco/image/upload/t_ProductDetail-large/3096263-center-3.jpg,https://assets.petco.com/petco/image/upload/t_ProductDetail-large/3096263-center-4.jpg,https://assets.petco.com/petco/image/upload/t_ProductDetail-large/3096263-center-5.jpg",3096263,Puppy,Grain Free,No,1,1,Line,Baby Blue,1,1,Form,Dry,1,1,Primary Flavor,Chicken,1,1,Live Food,No,1,1,Breed Size,Most Sizes,1,1,,,,,,,,,,,,,Weight,"4 LBS, 11 LBS, 24 LBS",1,1
https://www.petco.com/shop/en/petcostore/product/blue-buffalo-baby-blue-natural-chicken-and-brown-rice-recipe-dry-puppy-food,variation,1,0,visible,none,1,0,1,0,3096263,,"Blue Buffalo Baby Blue Natural Chicken and Brown Rice Recipe Dry Puppy Food, 4 LBS",$14.01,,,,,,,,,,,,,,,,,,,,,,,,,,,,,,,,,,,,,,,,,Weight,4 LBS,1,1
https://www.petco.com/shop/en/petcostore/product/blue-buffalo-baby-blue-natural-chicken-and-brown-rice-recipe-dry-puppy-food,variation,1,0,visible,none,1,0,1,0,3096263,,"Blue Buffalo Baby Blue Natural Chicken and Brown Rice Recipe Dry Puppy Food, 11 LBS",$21.46,,,,,,,,,,,,,,,,,,,,,,,,,,,,,,,,,,,,,,,,,Weight,11 LBS,1,1
https://www.petco.com/shop/en/petcostore/product/blue-buffalo-baby-blue-natural-chicken-and-brown-rice-recipe-dry-puppy-food,variation,1,0,visible,none,1,0,1,0,3096263,,"Blue Buffalo Baby Blue Natural Chicken and Brown Rice Recipe Dry Puppy Food, 24 LBS",$41.18,,,,,,,,,,,,,,,,,,,,,,,,,,,,,,,,,,,,,,,,,Weight,24 LBS,1,1
https://www.petco.com/shop/en/petcostore/product/hills-science-diet-adult-light-large-breed-with-chicken-meal-and-barley-dry-dog-food,variable,1,0,visible,none,1,0,1,1,,Home > Dog > Dog Food > Dry Dog Food,Hill's Science Diet Adult Light Large Breed with Chicken Meal & Barley Dry Dog Food,,"Hill's Science Diet Large Breed Light Adult dry dog food is precise nutrition for less active adult large breed dogs that require a low calorie food to maintain a healthy weight & lifestyle. Low calories & L Carnitine help promote ideal body weight, support healthy mobility & maintain heart function. High quality protein & natural fibers help satisfy hunger between meals. Omega 6s & Vitamin E for beautiful skin & coat Fresh new look, coming soon! An adult dry food with 18% lower calories vs. Science Diet Large Breed dogs A light dog food with L carnitine to promote ideal body weight, support healthy mobility and a healthy heart Keeps your large dog satisfied between meals with high quality protein and natural fibers Nourishes your big dog's skin and supports a shiny coat with omega 6 fatty acids and vitamin E Made with natural ingredients Made in the USA with global ingredients you can trust","https://assets.petco.com/petco/image/upload/t_ProductDetail-large/2987152-center-1.jpg,https://assets.petco.com/petco/image/upload/t_ProductDetail-large/2987152-center-2.jpg,https://assets.petco.com/petco/image/upload/t_ProductDetail-large/2987152-center-3.jpg,https://assets.petco.com/petco/image/upload/t_ProductDetail-large/2987152-center-4.jpg,https://assets.petco.com/petco/image/upload/t_ProductDetail-large/2987152-center-5.jpg,https://assets.petco.com/petco/image/upload/t_ProductDetail-large/2987152-center-6.jpg,https://assets.petco.com/petco/image/upload/t_ProductDetail-large/2987152-center-7.jpg,https://assets.petco.com/petco/image/upload/t_ProductDetail-large/2987152-center-8.jpg,https://assets.petco.com/petco/image/upload/t_ProductDetail-large/2987152-center-9.jpg",2987152,Adult,Grain Free,No,1,1,Line,Science Diet,1,1,Form,Dry,1,1,Primary Flavor,Chicken,1,1,Live Food,No,1,1,Breed Size,Large Breed,1,1,,,,,,,,,,,,,Weight,"15 LBS, 30 LBS",1,1
https://www.petco.com/shop/en/petcostore/product/hills-science-diet-adult-light-large-breed-with-chicken-meal-and-barley-dry-dog-food,variation,1,0,visible,none,1,0,1,0,2987152,,"Hill's Science Diet Adult Light Large Breed with Chicken Meal & Barley Dry Dog Food, 15 LBS",$30.99,,,,,,,,,,,,,,,,,,,,,,,,,,,,,Length,20 IN,1,1,Height,5.75 IN,1,1,Width,13.33 IN,1,1,Weight,15 LBS,1,1
https://www.petco.com/shop/en/petcostore/product/hills-science-diet-adult-light-large-breed-with-chicken-meal-and-barley-dry-dog-food,variation,1,0,visible,none,1,0,1,0,2987152,,"Hill's Science Diet Adult Light Large Breed with Chicken Meal & Barley Dry Dog Food, 30 LBS",$51.99,,,,,,,,,,,,,,,,,,,,,,,,,,,,,Length,23.62 IN,1,1,Height,7.75 IN,1,1,Width,15.75 IN,1,1,Weight,30 LBS,1,1
https://www.petco.com/shop/en/petcostore/product/wholehearted-grain-free-lid-salmon-adult-dog-food,variable,1,0,visible,none,1,0,1,1,,Home > Dog > Dog Food > Dry Dog Food,WholeHearted Grain Free All Life Stages Salmon and Pea Recipe Dry Dog Food,,"The WholeHearted Grain Free All Life Stages Salmon and Pea Recipe Dry Dog Food satisfies your pup with scrumptious flavors while providing them complete, balanced nutrition. Fill your pet's bowl with Omega-3 fatty acids, canine probiotics, antioxidants, and absolutely zero corn, wheat, or grains. Grain Free, All Life Stage Recipe Dry Dog Food from WholeHearted Real salmon is the first ingredient Canine probiotics help maintain digestive health Omega-3 fatty acids for healthy skin and coat No corn, wheat, or grains of any kind Antioxidant formula for healthy immunity (guaranteed levels of Vitamin E, Selenium, and Zinc) Vitamins and minerals for balanced nutrition Feeding Guide","https://assets.petco.com/petco/image/upload/t_ProductDetail-large/2582227-center-1.jpg,https://assets.petco.com/petco/image/upload/t_ProductDetail-large/2582227-back-1.jpg,https://assets.petco.com/petco/image/upload/t_ProductDetail-large/2582227-right-1.jpg,https://assets.petco.com/petco/image/upload/t_ProductDetail-large/2582227-left-1.jpg,https://assets.petco.com/petco/image/upload/t_ProductDetail-large/2806500-center-7.jpg,https://assets.petco.com/petco/image/upload/t_ProductDetail-large/2806500-center-8.jpg,https://assets.petco.com/petco/image/upload/t_ProductDetail-large/2806500-center-9.jpg",2582227,All Lifestages,Grain Free,Yes,1,1,,,,,Form,Dry,1,1,Primary Flavor,Salmon,1,1,Live Food,No,1,1,Breed Size,Most Sizes,1,1,,,,,,,,,,,,,Weight,"5 LBS, 14 LB, 25 LB",1,1
https://www.petco.com/shop/en/petcostore/product/wholehearted-grain-free-lid-salmon-adult-dog-food,variation,1,0,visible,none,1,0,1,0,2582227,,"WholeHearted Grain Free All Life Stages Salmon and Pea Recipe Dry Dog Food, 5 LBS",$11.99,,,,,,,,,,,,,,,,,,,,,,,,,,,,,,,,,,,,,,,,,Weight,5 LBS,1,1
https://www.petco.com/shop/en/petcostore/product/wholehearted-grain-free-lid-salmon-adult-dog-food,variation,1,0,visible,none,1,0,1,0,2582227,,"WholeHearted Grain Free All Life Stages Salmon and Pea Recipe Dry Dog Food, 14 LB",$26.99,,,,,,,,,,,,,,,,,,,,,,,,,,,,,,,,,,,,,,,,,Weight,14 LB,1,1
https://www.petco.com/shop/en/petcostore/product/wholehearted-grain-free-lid-salmon-adult-dog-food,variation,1,0,visible,none,1,0,1,0,2582227,,"WholeHearted Grain Free All Life Stages Salmon and Pea Recipe Dry Dog Food, 25 LB",$44.99,,,,,,,,,,,,,,,,,,,,,,,,,,,,,,,,,,,,,,,,,Weight,25 LB,1,1
https://www.petco.com/shop/en/petcostore/product/wholehearted-grain-free-lid-chicken-and-pea-adult-dog-food,variable,1,0,visible,none,1,0,1,1,,Home > Dog > Dog Food > Dog Food Flavors > Chicken & Rice Dog Food,WholeHearted Grain Free All Life Stages Chicken & Pea Recipe Dry Dog Food,,"The WholeHearted Grain Free All Life Stages Chicken and Pea Recipe Dry Dog Food nurtures your pup with wholesome ingredients. Thoughtfully crafted with Omega-3 fatty acids, antioxidants, and canine probiotics, this formula packs maximum health benefits into each delicious bite. Real chicken is the first ingredient Canine probiotics help maintain digestive health Omega-3 fatty acids for healthy skin and coat No corn, wheat, or grains of any kind Antioxidant formula for healthy immunity (guaranteed levels of Vitamin E, Selenium, and Zinc) Vitamins and minerals for balanced nutrition Grain Free, All Life Stage Recipe Dry Dog Food from WholeHearted Feeding Guide","https://assets.petco.com/petco/image/upload/t_ProductDetail-large/2582198-center-1.jpg,https://assets.petco.com/petco/image/upload/t_ProductDetail-large/2582198-back-1.jpg,https://assets.petco.com/petco/image/upload/t_ProductDetail-large/2582198-right-1.jpg,https://assets.petco.com/petco/image/upload/t_ProductDetail-large/2582198-left-1.jpg",2582198,All Lifestages,Grain Free,Yes,1,1,,,,,Form,Dry,1,1,Primary Flavor,Chicken,1,1,Live Food,No,1,1,Breed Size,Most Sizes,1,1,,,,,,,,,,,,,Weight,"5 LBS, 14 LB, 25 LB",1,1
https://www.petco.com/shop/en/petcostore/product/wholehearted-grain-free-lid-chicken-and-pea-adult-dog-food,variation,1,0,visible,none,1,0,1,0,2582198,,"WholeHearted Grain Free All Life Stages Chicken & Pea Recipe Dry Dog Food, 5 LBS",$9.99,,,,,,,,,,,,,,,,,,,,,,,,,,,,,,,,,,,,,,,,,Weight,5 LBS,1,1
https://www.petco.com/shop/en/petcostore/product/wholehearted-grain-free-lid-chicken-and-pea-adult-dog-food,variation,1,0,visible,none,1,0,1,0,2582198,,"WholeHearted Grain Free All Life Stages Chicken & Pea Recipe Dry Dog Food, 14 LB",$24.99,,,,,,,,,,,,,,,,,,,,,,,,,,,,,,,,,,,,,,,,,Weight,14 LB,1,1
https://www.petco.com/shop/en/petcostore/product/wholehearted-grain-free-lid-chicken-and-pea-adult-dog-food,variation,1,0,visible,none,1,0,1,0,2582198,,"WholeHearted Grain Free All Life Stages Chicken & Pea Recipe Dry Dog Food, 25 LB",$39.99,,,,,,,,,,,,,,,,,,,,,,,,,,,,,,,,,,,,,,,,,Weight,25 LB,1,1
https://www.petco.com/shop/en/petcostore/product/hills-bioactive-recipe-grow--learn-chicken-and-brown-rice-puppy-dry-food,variable,1,0,visible,none,1,0,1,1,,Home > Dog > Dog Food > Dog Food Flavors > Chicken & Rice Dog Food,Hill's Bioactive Recipe Grow + Learn Chicken & Brown Rice Puppy Dry Food,,"Feed your dog's ability to thrive. Hill's Bioactive Recipe is based on their groundbreaking study on ingredients that help raise smarter, healthier puppies. Hill's blends ingredients in specific combinations so your puppy can get the most out of this healthy food. This dry puppy food contains a synergistic blend of ingredients to help growing minds learn new skills Chicken is the #1 ingredient, providing rich protein and essential amino acids Contains fish oil, a rich source of DHA Made with apples, a source of antioxidants Contains no corn, wheat or soy, and not artificially preserved, colored or flavored Easily digested to ensure nutrients are bioavailable For puppies up to 1 year old","https://assets.petco.com/petco/image/upload/t_ProductDetail-large/2890431-center-1.jpg,https://assets.petco.com/petco/image/upload/t_ProductDetail-large/2890431-back-1.jpg,https://assets.petco.com/petco/image/upload/t_ProductDetail-large/2890431-center-2.jpg,https://assets.petco.com/petco/image/upload/t_ProductDetail-large/2890431-center-3.jpg,https://assets.petco.com/petco/image/upload/t_ProductDetail-large/2890431-center-4.jpg,https://assets.petco.com/petco/image/upload/t_ProductDetail-large/2890431-center-5.jpg,https://assets.petco.com/petco/image/upload/t_ProductDetail-large/2890431-center-6.jpg",2890431,Puppy,Grain Free,No,1,1,Line,Bioactive,1,1,Form,Dry,1,1,Primary Flavor,Chicken,1,1,Live Food,No,1,1,Breed Size,Most Sizes,1,1,,,,,,,,,,,,,Weight,"3.5 LBS, 11 LBS",1,1
https://www.petco.com/shop/en/petcostore/product/hills-bioactive-recipe-grow--learn-chicken-and-brown-rice-puppy-dry-food,variation,1,0,visible,none,1,0,1,0,2890431,,"Hill's Bioactive Recipe Grow + Learn Chicken & Brown Rice Puppy Dry Food, 3.5 LBS",$14.99,,,,,,,,,,,,,,,,,,,,,,,,,,,,,Length,7.25 IN,1,1,Height,11 IN,1,1,Width,3.75 IN,1,1,Weight,3.5 LBS,1,1
https://www.petco.com/shop/en/petcostore/product/hills-bioactive-recipe-grow--learn-chicken-and-brown-rice-puppy-dry-food,variation,1,0,visible,none,1,0,1,0,2890431,,"Hill's Bioactive Recipe Grow + Learn Chicken & Brown Rice Puppy Dry Food, 11 LBS",$31.99,,,,,,,,,,,,,,,,,,,,,,,,,,,,,Length,9.5 IN,1,1,Height,13 IN,1,1,Width,5.75 IN,1,1,Weight,11 LBS,1,1
https://www.petco.com/shop/en/petcostore/product/purina-pro-plan-focus-sensitive-skin-and-stomach-salmon-and-rice-formula-adult-dry-dog-food,variable,1,0,visible,none,1,0,1,1,,Home > Dog > Dog Food > Dry Dog Food,Purina Pro Plan Focus Sensitive Skin & Stomach Salmon & Rice Formula Adult Dry Dog Food,,"Nurture your dog's sensitive skin and stomach with Purina Pro Plan FOCUS Sensitive Skin & Stomach Salmon & Rice Formula adult dry dog food. Nutrient-rich salmon is the first ingredient and a primary source of protein in this formula. Also containing prebiotic fiber, this Purina Pro Plan dog food nourishes the beneficial bacteria found in your dog's intestine, helping to promote his digestive health. Ingredients such as rice and oatmeal provide easily digestible sources of carbohydrates. There is no corn, wheat or soy in Purina Pro Plan FOCUS Sensitive Skin & Stomach Formula dog food. Fish oil -- a source of EPA, one of the omega-3 fatty acids -- helps support healthy joints and mobility, omega-6 fatty acids and zinc nourish your dog's skin and coat, and antioxidants help promote his immune health. This Pro Plan recipe is manufactured with pride in Purina-owned U.S. facilities to ensure quality and safety. Real salmon is the #1 ingredient Contains no corn, wheat or soy Omega-3 fatty acids support your dog's joint health and mobility Prebiotic fiber promotes digestive health to support your dog's total well-being Antioxidants help maintain your dog's immune system health Oatmeal is an easily digestible source of carbohydrates Made without artificial colors or flavors","https://assets.petco.com/petco/image/upload/t_ProductDetail-large/2986221-center-1.jpg,https://assets.petco.com/petco/image/upload/t_ProductDetail-large/2986221-center-2.jpg,https://assets.petco.com/petco/image/upload/t_ProductDetail-large/2986221-center-3.jpg,https://assets.petco.com/petco/image/upload/t_ProductDetail-large/2986221-center-6.jpg,https://assets.petco.com/petco/image/upload/t_ProductDetail-large/2986221-center-7.jpg,https://assets.petco.com/petco/image/upload/t_ProductDetail-large/2986221-center-5.jpg,https://assets.petco.com/petco/image/upload/t_ProductDetail-large/2986221-center-4.jpg,https://assets.petco.com/petco/image/upload/t_ProductDetail-large/2986221-center-8.jpg,https://assets.petco.com/petco/image/upload/t_ProductDetail-large/2986221-center-9.jpg,https://assets.petco.com/petco/image/upload/t_ProductDetail-large/2986221-center-10.jpg",2579466,Adult,Grain Free,No,1,1,Line,Pro Plan,1,1,Form,Dry,1,1,Primary Flavor,Fish,1,1,Live Food,No,1,1,Breed Size,Most Sizes,1,1,,,,,,,,,,,,,Weight,"41 LBS, 5 LBS, 16 LBS, 30 LBS",1,1
https://www.petco.com/shop/en/petcostore/product/purina-pro-plan-focus-sensitive-skin-and-stomach-salmon-and-rice-formula-adult-dry-dog-food,variation,1,0,visible,none,1,0,1,0,2579466,,"Purina Pro Plan Focus Sensitive Skin & Stomach Salmon & Rice Formula Adult Dry Dog Food, 41 LBS",$61.98,,,,,,,,,,,,,,,,,,,,,,,,,,,,,Length,5.5 IN,1,1,Height,30.5 IN,1,1,Width,18.5 IN,1,1,Weight,41 LBS,1,1
https://www.petco.com/shop/en/petcostore/product/purina-pro-plan-focus-sensitive-skin-and-stomach-salmon-and-rice-formula-adult-dry-dog-food,variation,1,0,visible,none,1,0,1,0,2579466,,"Purina Pro Plan Focus Sensitive Skin & Stomach Salmon & Rice Formula Adult Dry Dog Food, 5 LBS",$14.48,,,,,,,,,,,,,,,,,,,,,,,,,,,,,Length,4 IN,1,1,Height,13 IN,1,1,Width,8 IN,1,1,Weight,5 LBS,1,1
https://www.petco.com/shop/en/petcostore/product/purina-pro-plan-focus-sensitive-skin-and-stomach-salmon-and-rice-formula-adult-dry-dog-food,variation,1,0,visible,none,1,0,1,0,2579466,,"Purina Pro Plan Focus Sensitive Skin & Stomach Salmon & Rice Formula Adult Dry Dog Food, 16 LBS",$38.48,,,,,,,,,,,,,,,,,,,,,,,,,,,,,Length,3.5 IN,1,1,Height,23 IN,1,1,Width,15.25 IN,1,1,Weight,16 LBS,1,1
https://www.petco.com/shop/en/petcostore/product/purina-pro-plan-focus-sensitive-skin-and-stomach-salmon-and-rice-formula-adult-dry-dog-food,variation,1,0,visible,none,1,0,1,0,2579466,,"Purina Pro Plan Focus Sensitive Skin & Stomach Salmon & Rice Formula Adult Dry Dog Food, 30 LBS",$47.98,,,,,,,,,,,,,,,,,,,,,,,,,,,,,Length,5 IN,1,1,Height,24 IN,1,1,Width,20 IN,1,1,Weight,30 LBS,1,1
https://www.petco.com/shop/en/petcostore/product/taste-of-the-wild-pacific-stream-grain-free-dry-dog-food-with--smoked-salmon,variable,1,0,visible,none,1,0,1,1,,Home > Dog > Dog Food > Dry Dog Food,Taste of the Wild Pacific Stream Grain-Free Smoked Salmon Dry Dog Food,,"Modern science proves that your dog shares the DNA of the wolf. Years of domestication and excellent care have turned your dog from a short-lived potential foe to a long-lived best friend. Although their DNA remains the same and their tastes demand something of the wild, their diet should provide them with all the proper ingredients and nutrition they need to thrive. A fish protein, grain-free formula with sweet potatoes provides highly digestible energy for your sensitive dog. Made with real smoked salmon, this formula offers a taste sensation like no other. Supplemented with vegetables and fruits, this fish and potato formula delivers antioxidants to help give your friend a healthy lifestyle. Your dog craves tastes from their wild past. Go ahead and give them one. MADE in the USA; FAMILY OWNED & run; food made with the most scientifically advanced food safety protocols; We'd appreciate your CALL 800.342.4808 A taste of the wild with SMOKED SALMON; REAL SALMON is the #1 ingredient; optimal amino acid profile, protein rich for LEAN, STRONG MUSCLES A NATURAL food with added vitamins & minerals; fruits and vegetables as SUPERFOODS for natural ANTIOXIDANTS; fatty acid blend for SKIN & COAT Ingredients from TRUSTED, SUSTAINABLE sources around the world; made with NO GRAIN, corn, wheat, filler; no artificial flavors, colors, preservatives Nutrient rich and HIGHLY DIGESTIBLE with guaranteed species-specific, PROPRIETARY PROBIOTICS that survive and thrive in the GI tract","https://assets.petco.com/petco/image/upload/t_ProductDetail-large/2871934-center-1.jpg,https://assets.petco.com/petco/image/upload/t_ProductDetail-large/2871934-back-1.jpg,https://assets.petco.com/petco/image/upload/t_ProductDetail-large/2871934-center-3.jpg,https://assets.petco.com/petco/image/upload/t_ProductDetail-large/2871934-center-2.jpg,https://assets.petco.com/petco/image/upload/t_ProductDetail-large/2871934-center-4.jpg,https://assets.petco.com/petco/image/upload/t_ProductDetail-large/2871934-center-5.jpg",2871993,Adult,Grain Free,Yes,1,1,,,,,Form,Dry,1,1,Primary Flavor,Seafood,1,1,Live Food,No,1,1,Breed Size,Most Sizes,1,1,,,,,,,,,,,,,Weight,"5 LBS, 14 LBS, 28 LBS",1,1
https://www.petco.com/shop/en/petcostore/product/taste-of-the-wild-pacific-stream-grain-free-dry-dog-food-with--smoked-salmon,variation,1,0,visible,none,1,0,1,0,2871993,,"Taste of the Wild Pacific Stream Grain-Free Smoked Salmon Dry Dog Food, 5 LBS",$13.99,,,,,,,,,,,,,,,,,,,,,,,,,,,,,Length,3.5 IN,1,1,Height,13 IN,1,1,Width,9.5 IN,1,1,Weight,5 LBS,1,1
https://www.petco.com/shop/en/petcostore/product/taste-of-the-wild-pacific-stream-grain-free-dry-dog-food-with--smoked-salmon,variation,1,0,visible,none,1,0,1,0,2871993,,"Taste of the Wild Pacific Stream Grain-Free Smoked Salmon Dry Dog Food, 14 LBS",$29.99,,,,,,,,,,,,,,,,,,,,,,,,,,,,,Length,3.5 IN,1,1,Height,18 IN,1,1,Width,13 IN,1,1,Weight,14 LBS,1,1
https://www.petco.com/shop/en/petcostore/product/taste-of-the-wild-pacific-stream-grain-free-dry-dog-food-with--smoked-salmon,variation,1,0,visible,none,1,0,1,0,2871993,,"Taste of the Wild Pacific Stream Grain-Free Smoked Salmon Dry Dog Food, 28 LBS",$48.99,,,,,,,,,,,,,,,,,,,,,,,,,,,,,Length,5 IN,1,1,Height,23 IN,1,1,Width,17 IN,1,1,Weight,28 LBS,1,1
https://www.petco.com/shop/en/petcostore/product/hills-science-diet-adult-light-with-chicken-meal-and-barley-dry-dog-food,variable,1,0,visible,none,1,0,1,1,,Home > Dog > Dog Food > Dry Dog Food,Hill's Science Diet Adult Light with Chicken Meal & Barley Dry Dog Food,,"Hill's Science Diet Light Adult dry dog food is precise nutrition for less active adult dogs requiring a low calorie food to maintain a healthy weight & lifestyle. Delicious chicken flavor in a small bite size for those that prefer variety. Low calories & L Carnitine help promote ideal body weight, support healthy mobility & maintain heart function. High quality protein & natural fibers help satisfy hunger between meals. Omega 6s & Vitamin E for beautiful skin & coat Fresh new look, coming soon! Adult dog food with 18% fewer calories vs. Science Diet Adult Quality protein and natural fibers help keep your dog satisfied between meals Supports healthy skin and coat with omega 6 fatty acids and vitamin E Made with natural ingredients Made in the USA with global ingredients you can trust Provides L carnitine to promote healthy body weight and heart function","https://assets.petco.com/petco/image/upload/t_ProductDetail-large/2987136-center-1.jpg,https://assets.petco.com/petco/image/upload/t_ProductDetail-large/2987136-center-2.jpg,https://assets.petco.com/petco/image/upload/t_ProductDetail-large/2987136-center-3.jpg,https://assets.petco.com/petco/image/upload/t_ProductDetail-large/2987136-center-4.jpg,https://assets.petco.com/petco/image/upload/t_ProductDetail-large/2987136-center-5.jpg,https://assets.petco.com/petco/image/upload/t_ProductDetail-large/2987136-center-6.jpg,https://assets.petco.com/petco/image/upload/t_ProductDetail-large/2987136-center-7.jpg,https://assets.petco.com/petco/image/upload/t_ProductDetail-large/2987136-center-8.jpg,https://assets.petco.com/petco/image/upload/t_ProductDetail-large/2987136-center-9.jpg",169609,Adult,Grain Free,No,1,1,Line,Science Diet,1,1,Form,Dry,1,1,Primary Flavor,Chicken,1,1,Live Food,No,1,1,Breed Size,Most Sizes,1,1,,,,,,,,,,,,,Weight,"5 LBS, 15 LBS, 30 LBS",1,1
https://www.petco.com/shop/en/petcostore/product/hills-science-diet-adult-light-with-chicken-meal-and-barley-dry-dog-food,variation,1,0,visible,none,1,0,1,0,169609,,"Hill's Science Diet Adult Light with Chicken Meal & Barley Dry Dog Food, 5 LBS",$14.99,,,,,,,,,,,,,,,,,,,,,,,,,,,,,Length,7.47 IN,1,1,Height,10 IN,1,1,Width,5.562 IN,1,1,Weight,5 LBS,1,1
https://www.petco.com/shop/en/petcostore/product/hills-science-diet-adult-light-with-chicken-meal-and-barley-dry-dog-food,variation,1,0,visible,none,1,0,1,0,169609,,"Hill's Science Diet Adult Light with Chicken Meal & Barley Dry Dog Food, 15 LBS",$30.99,,,,,,,,,,,,,,,,,,,,,,,,,,,,,Length,20 IN,1,1,Height,5.75 IN,1,1,Width,13.33 IN,1,1,Weight,15 LBS,1,1
https://www.petco.com/shop/en/petcostore/product/hills-science-diet-adult-light-with-chicken-meal-and-barley-dry-dog-food,variation,1,0,visible,none,1,0,1,0,169609,,"Hill's Science Diet Adult Light with Chicken Meal & Barley Dry Dog Food, 30 LBS",$51.99,,,,,,,,,,,,,,,,,,,,,,,,,,,,,Length,23.62 IN,1,1,Height,7.75 IN,1,1,Width,15.75 IN,1,1,Weight,30 LBS,1,1
https://www.petco.com/shop/en/petcostore/product/royal-canin-mini-adult-dog-food,variable,1,0,visible,none,1,0,1,1,,Home > Dog > Dog Food > Dog Food Flavors > Chicken & Rice Dog Food,Royal Canin Size Health Nutrition Mini Adult Dry Dog Food,,"SIZE HEALTH NUTRITION MINI dog food formulas are so much more than just a small kibble. Small dogs need more energy than big dogs, and they have a shorter and more intense growth period. Plus, they typically live longer than large dogs, and have a more finicky appetite.Royal Canin MINI formulas are designed to meet the specific needs of small dogs throughout every stage of their life Supports muscle tone Promotes appetite satisfaction Supports skin and coat health","https://assets.petco.com/petco/image/upload/t_ProductDetail-large/1521748-center-1.jpg,https://assets.petco.com/petco/image/upload/t_ProductDetail-large/1521748-center-2.jpg,https://assets.petco.com/petco/image/upload/t_ProductDetail-large/1521748-center-6.jpg,https://assets.petco.com/petco/image/upload/t_ProductDetail-large/1521748-center-3.jpg,https://assets.petco.com/petco/image/upload/t_ProductDetail-large/1521748-center-4.jpg,https://assets.petco.com/petco/image/upload/t_ProductDetail-large/1521748-center-5.jpg,https://assets.petco.com/petco/image/upload/t_ProductDetail-large/1521748-center-7.jpg",1521748,Adult,Grain Free,No,1,1,,,,,Form,Dry,1,1,Primary Flavor,Chicken,1,1,,,,,Breed Size,Small Breed,1,1,,,,,,,,,,,,,Weight,"2.5 LBS, 14 LBS",1,1
https://www.petco.com/shop/en/petcostore/product/royal-canin-mini-adult-dog-food,variation,1,0,visible,none,1,0,1,0,1521748,,"Royal Canin Size Health Nutrition Mini Adult Dry Dog Food, 2.5 LBS",$14.39,,,,,,,,,,,,,,,,,,,,,,,,,,,,,,,,,,,,,,,,,Weight,2.5 LBS,1,1
https://www.petco.com/shop/en/petcostore/product/royal-canin-mini-adult-dog-food,variation,1,0,visible,none,1,0,1,0,1521748,,"Royal Canin Size Health Nutrition Mini Adult Dry Dog Food, 14 LBS",$36.89,,,,,,,,,,,,,,,,,,,,,,,,,,,,,,,,,,,,,,,,,Weight,14 LBS,1,1
https://www.petco.com/shop/en/petcostore/product/canidae-turkey-and-brown-rice-dry-puppy-food,variable,1,0,visible,none,1,0,1,1,,Home > Dog > Dog Food > Dry Dog Food,CANIDAE Turkey & Brown Rice Dry Puppy Food,,"At Canidae we believe that what's best for our pets is best for us all. Enjoy your pet's mealtime with Canidae vet-formulated dry dog food. Canidae aims to bring out the best in your pet with food made from wholesome ingredients, formulated for whole body health. No fillers, artificial flavors or artificial preservatives, just complete & balanced goodness for healthy dogs. Complete & balanced nutrition for healthy dogs #1 real ingredient turkey with brown rice pet food Never any wheat, corn, or soy in Canidae dog food Omega 6 & 3 fatty acids to boost beautiful skin & coat Healthy immune system supported by antioxidant Healthy digestive system supported by probiotics Wholesome grains like barley, oatmeal and brown rice","https://assets.petco.com/petco/image/upload/t_ProductDetail-large/3162363-center-1.jpg,https://assets.petco.com/petco/image/upload/t_ProductDetail-large/3162363-back-2.jpg,https://assets.petco.com/petco/image/upload/t_ProductDetail-large/3162363-right-3.jpg,https://assets.petco.com/petco/image/upload/t_ProductDetail-large/3162363-left-4.jpg",3162363,Puppy,Grain Free,No,1,1,,,,,Form,Dry,1,1,Primary Flavor,Turkey,1,1,Live Food,No,1,1,Breed Size,Most Sizes,1,1,,,,,,,,,,,,,Weight,"7 LBS, 25 LBS",1,1
https://www.petco.com/shop/en/petcostore/product/canidae-turkey-and-brown-rice-dry-puppy-food,variation,1,0,visible,none,1,0,1,0,3162363,,"CANIDAE Turkey & Brown Rice Dry Puppy Food, 7 LBS",$14.99,,,,,,,,,,,,,,,,,,,,,,,,,,,,,Length,4 IN,1,1,Height,15.5 IN,1,1,Width,8 IN,1,1,Weight,7 LBS,1,1
https://www.petco.com/shop/en/petcostore/product/canidae-turkey-and-brown-rice-dry-puppy-food,variation,1,0,visible,none,1,0,1,0,3162363,,"CANIDAE Turkey & Brown Rice Dry Puppy Food, 25 LBS",$44.99,,,,,,,,,,,,,,,,,,,,,,,,,,,,,Length,22.5 IN,1,1,Height,3.63 IN,1,1,Width,15.25 IN,1,1,Weight,25 LBS,1,1
https://www.petco.com/shop/en/petcostore/product/blue-buffalo-chicken-and-brown-rice-adult-dog-food,variable,1,0,visible,none,1,0,1,1,,Home > Dog > Dog Food > Dog Food Flavors > Chicken & Rice Dog Food,Blue Buffalo Life Protection Formula Natural Adult Chicken and Brown Rice Dry Dog Food,,"Formulated for the health and well-being of dogs, BLUE Life Protection Formula Dry Dog Food is made with the finest natural ingredients enhanced with vitamins and minerals. It contains the ingredients you'll love feeding as much as they'll love eating. BLUE Life Protection Formula dog food is a product of the Blue Buffalo company. Based in the United States, Blue Buffalo makes premium-quality pet foods featuring real meat, fruit and vegetables. A NATURAL DOG FOOD: BLUE dry dog food is made with the finest natural ingredients enhanced with vitamins and minerals. BLUE contains NO chicken (or poultry) by-product meals, corn, wheat, soy, artificial flavors or preservatives Contains one (1) 30 lb. Bag of BLUE Life Protection Formula Adult Dry Dog Food, Chicken and Brown Rice REAL MEAT FIRST: Blue Buffalo foods always feature real meat as the first ingredient. High-quality protein from real chicken helps your dog build and maintain healthy muscles. Plus they contain wholesome whole grains, garden veggies and fruit FOR ADULT DOGS: BLUE Life Protection Formula adult dog food contains essential proteins and carbohydrates to help meet the energy needs of adult dogs, and features omega 3 & 6 fatty acids to promote a shiny coat and healthy skin WITH LIFESOURCE BITS: This formula contains BLUE's exclusive LifeSource Bits - a precise blend of antioxidants, vitamins and minerals carefully selected by holistic veterinarians and animal nutritionists to support immune system health, life stage requirements, and a healthy oxidative balance","https://assets.petco.com/petco/image/upload/t_ProductDetail-large/1055747-center-1.jpg,https://assets.petco.com/petco/image/upload/t_ProductDetail-large/1055747-back-1.jpg,https://assets.petco.com/petco/image/upload/t_ProductDetail-large/1055747-right-1.jpg,https://assets.petco.com/petco/image/upload/t_ProductDetail-large/1055747-left-1.jpg,https://assets.petco.com/petco/image/upload/t_ProductDetail-large/1055747-center-2.jpg,https://assets.petco.com/petco/image/upload/t_ProductDetail-large/1055747-center-5.jpg,https://assets.petco.com/petco/image/upload/t_ProductDetail-large/1055747-center-3.jpg,https://assets.petco.com/petco/image/upload/t_ProductDetail-large/1055747-center-4.jpg",1055690,Adult,Grain Free,No,1,1,Line,Blue Life Protection,1,1,Form,Dry,1,1,Primary Flavor,Chicken,1,1,,,,,Breed Size,Most Sizes,1,1,,,,,,,,,,,,,Weight,"6 LBS, 15 LBS, 30 LBS",1,1
https://www.petco.com/shop/en/petcostore/product/blue-buffalo-chicken-and-brown-rice-adult-dog-food,variation,1,0,visible,none,1,0,1,0,1055690,,"Blue Buffalo Life Protection Formula Natural Adult Chicken and Brown Rice Dry Dog Food, 6 LBS",$14.49,,,,,,,,,,,,,,,,,,,,,,,,,,,,,,,,,,,,,,,,,Weight,6 LBS,1,1
https://www.petco.com/shop/en/petcostore/product/blue-buffalo-chicken-and-brown-rice-adult-dog-food,variation,1,0,visible,none,1,0,1,0,1055690,,"Blue Buffalo Life Protection Formula Natural Adult Chicken and Brown Rice Dry Dog Food, 15 LBS",$29.98,,,,,,,,,,,,,,,,,,,,,,,,,,,,,,,,,,,,,,,,,Weight,15 LBS,1,1
https://www.petco.com/shop/en/petcostore/product/blue-buffalo-chicken-and-brown-rice-adult-dog-food,variation,1,0,visible,none,1,0,1,0,1055690,,"Blue Buffalo Life Protection Formula Natural Adult Chicken and Brown Rice Dry Dog Food, 30 LBS",$49.98,,,,,,,,,,,,,,,,,,,,,,,,,,,,,,,,,,,,,,,,,Weight,30 LBS,1,1
